Time,Product name,PID,robotMAC,Store,Start running time,unbound,Operating time (h),Running mileage (km),Number of tasks
2023-02-28,bellabot,sv1000214017014,20:50:E7:02:EB:0A,Фанджамп Екатеринбург,2023-02-28 09:17:01,false,1.22,1.39,31
2023-02-28,kettybot,PNT102213716164,20:50:E7:23:69:5C,Parmesan,2023-02-28 11:21:40,false,3.14,0.55,41
2023-02-28,bellabot,SV1114223233001,10:2C:6B:97:C7:FE,Soft-Stend,2023-02-27 23:56:01,false,0.57,0.19,37
2023-02-28,bellabot,620019240060415,20:50:E7:02:24:2A,Parmesan,2023-02-27 22:55:05,false,1.58,1.30,73
2023-02-28,bellabot,SV1000213954003,20:50:E7:02:87:DA,Soft-servis,2023-02-28 00:24:58,false,0.08,0.11,7
2023-02-28,bellabot,SV1001205116386,D4:12:43:BF:63:8E,Firemakers,2023-02-28 09:45:39,false,1.74,2.00,139
2023-02-28,bellabot,SV1000212652005,20:50:E7:23:B4:80,Sber Univercity,2023-02-28 05:48:06,false,5.70,0.62,20
2023-02-28,bellabot,sv1000214017022,20:50:E7:02:EB:56,Компот,2023-02-27 23:07:48,false,1.37,0.90,92
2023-02-28,bellabot,Sv1000214017008,20:50:E7:23:83:6A,Parmesan,2023-02-28 00:03:31,false,1.44,1.48,94
2023-02-28,bellabot,620015050070163,D4:12:43:B1:02:2C,Gastreet_panorama,2023-02-28 04:49:29,false,0.68,0.87,22
2023-02-28,bellabot,SV1000212910001,20:50:E7:23:3D:AA,Soft-servis,2023-02-28 06:34:03,false,0.93,0.81,83
2023-02-28,bellabot,SV1000214017015,20:50:E7:02:E4:50,Fun Jump,2023-02-28 21:14:18,false,0.26,0.18,16
2023-02-28,bellabot,sv1000213943015,20:50:E7:23:95:7C,Fun Jump Kazan,2023-02-28 12:05:16,false,0.41,0.30,17
2023-02-28,kettybot,PNT102213716158,20:50:E7:02:12:A8,Baltiya Hotel,2023-02-28 04:37:28,false,10.88,0.00,2
2023-02-28,bellabot,SV1000214017033,20:50:E7:02:FD:36,Soft-servis,2023-02-28 05:54:14,false,5.60,8.51,7
2023-02-28,bellabot,SV1114223233002,20:50:E7:02:C0:F2,Soft-servis,2023-02-28 07:35:13,false,0.91,0.85,23
2023-02-28,kettybot,PNT102213716170,20:50:E7:02:F3:3E,Neo,2023-02-28 10:06:02,false,0.40,0.26,32
2023-02-28,bellabot,SV1000214017034,20:50:E7:02:BE:0C,Soft-servis,2023-02-28 13:11:46,false,1.30,2.02,1
2023-02-28,bellabot,SV1000214017031,20:50:E7:03:06:3A,Jango Park,2023-02-28 16:01:22,false,0.48,0.41,22
2023-02-28,bellabot,SV1000212910013,20:50:E7:23:79:E8,Flagman office,2023-02-28 14:13:36,false,0.27,0.31,16
2023-02-28,kettybot,PNT102213716159,20:50:E7:23:96:70,Динозаврия,2023-02-28 07:27:13,false,0.05,0.01,4
2023-02-28,bellabot,SV1000213954014,20:50:E7:23:71:74,Ресторан ГрильХаус,2023-02-28 10:18:15,false,0.20,0.20,12
2023-02-28,bellabot,SV1000211931012,D4:12:43:B0:D5:68,Gastreet_panorama,2023-02-28 00:11:39,false,0.31,0.45,18
2023-02-28,bellabot,620019270070278,20:50:E7:02:FD:68,Perchini,2023-02-28 07:30:36,false,0.99,1.09,57
2023-02-28,bellabot,SV1000214017001,20:50:E7:02:7F:10,Динозаврия,2023-02-28 09:48:58,false,0.68,0.41,17
2023-02-28,bellabot,sv1114223233003,20:50:E7:39:7C:16,Soft-Stend,2023-02-28 03:46:45,false,0.72,0.79,39
2023-02-27,bellabot,SV1000214017015,20:50:E7:02:E4:50,Fun Jump,2023-02-27 14:22:19,false,1.13,0.97,24
2023-02-27,bellabot,SV1000211931012,D4:12:43:B0:D5:68,Gastreet_panorama,2023-02-27 01:20:20,false,0.16,0.19,11
2023-02-27,bellabot,Sv1000214017008,20:50:E7:23:83:6A,Parmesan,2023-02-26 21:34:58,false,2.92,1.25,75
2023-02-27,bellabot,sv1000213943015,20:50:E7:23:95:7C,Fun Jump Kazan,2023-02-27 11:41:36,false,0.81,0.56,23
2023-02-27,bellabot,SV1114223233001,10:2C:6B:97:C7:FE,Soft-Stend,2023-02-27 10:45:54,false,0.73,0.28,52
2023-02-27,bellabot,SV1000212910001,20:50:E7:23:3D:AA,Soft-servis,2023-02-27 05:46:06,false,0.73,0.68,63
2023-02-27,kettybot,PNT102213716170,20:50:E7:02:F3:3E,Neo,2023-02-27 11:05:27,false,0.41,0.27,34
2023-02-27,bellabot,SV1000213954014,20:50:E7:23:71:74,Ресторан ГрильХаус,2023-02-27 10:12:51,false,0.29,0.36,23
2023-02-27,bellabot,sv1000214017014,20:50:E7:02:EB:0A,Фанджамп Екатеринбург,2023-02-27 09:52:14,false,0.63,0.91,18
2023-02-27,kettybot,PNT102213716158,20:50:E7:02:12:A8,Baltiya Hotel,2023-02-27 03:38:58,false,11.85,0.00,3
2023-02-27,bellabot,sv1000214017022,20:50:E7:02:EB:56,Компот,2023-02-26 23:14:45,false,1.25,0.94,87
2023-02-27,bellabot,sv1114223233003,20:50:E7:39:7C:16,Soft-Stend,2023-02-27 02:44:50,false,1.75,1.17,38
2023-02-27,bellabot,620015050070163,D4:12:43:B1:02:2C,Gastreet_panorama,2023-02-27 03:27:24,false,1.04,1.29,23
2023-02-27,kettybot,PNT102213716159,20:50:E7:23:96:70,Динозаврия,2023-02-27 10:27:38,false,0.04,0.01,4
2023-02-27,bellabot,620019240060415,20:50:E7:02:24:2A,Parmesan,2023-02-26 23:19:11,false,1.18,0.78,47
2023-02-27,bellabot,SV1001205116386,D4:12:43:BF:63:8E,Firemakers,2023-02-27 11:30:42,false,0.99,1.22,85
2023-02-27,bellabot,SV1000214017031,20:50:E7:03:06:3A,Jango Park,2023-02-27 18:14:59,false,0.25,0.23,9
2023-02-27,bellabot,SV1000213954003,20:50:E7:02:87:DA,Soft-servis,2023-02-26 23:56:48,false,0.55,0.33,28
2023-02-27,bellabot,620019270070278,20:50:E7:02:FD:68,Perchini,2023-02-27 06:38:57,false,0.85,0.91,48
2023-02-27,bellabot,SV1000214017034,20:50:E7:02:BE:0C,Soft-servis,2023-02-27 13:25:08,false,2.08,3.32,1
2023-02-27,bellabot,SV1000212910013,20:50:E7:23:79:E8,Flagman office,2023-02-27 15:16:05,false,0.23,0.26,15
2023-02-27,bellabot,SV1000214017001,20:50:E7:02:7F:10,Динозаврия,2023-02-27 10:46:11,false,0.73,0.56,21
2023-02-27,kettybot,PNT102213716164,20:50:E7:23:69:5C,Parmesan,2023-02-27 12:06:09,false,0.40,0.35,28
2023-02-27,bellabot,SV1000214017033,20:50:E7:02:FD:36,Soft-servis,2023-02-27 09:29:38,false,0.01,0.01,1
2023-02-27,bellabot,SV1114223233002,20:50:E7:02:C0:F2,Soft-servis,2023-02-27 08:01:31,false,1.47,1.38,37
2023-02-27,bellabot,SV1000212652005,20:50:E7:23:B4:80,Sber Univercity,2023-02-26 16:50:55,false,7.65,1.17,53
2023-02-26,bellabot,620019240060415,20:50:E7:02:24:2A,Parmesan,2023-02-25 21:29:19,false,3.01,2.00,146
2023-02-26,bellabot,sv1000214017022,20:50:E7:02:EB:56,Компот,2023-02-26 09:52:24,false,1.63,1.31,127
2023-02-26,bellabot,sv1114223233003,20:50:E7:39:7C:16,Soft-Stend,2023-02-26 05:27:28,false,2.04,2.35,77
2023-02-26,bellabot,SV1114223233001,10:2C:6B:97:C7:FE,Soft-Stend,2023-02-25 22:46:41,false,1.72,1.20,134
2023-02-26,bellabot,SV1000212910001,20:50:E7:23:3D:AA,Soft-servis,2023-02-26 05:18:07,false,1.20,1.12,104
2023-02-26,bellabot,SV1000213954003,20:50:E7:02:87:DA,Soft-servis,2023-02-26 00:07:08,false,0.38,0.35,30
2023-02-26,kettybot,PNT102213716170,20:50:E7:02:F3:3E,Neo,2023-02-26 09:35:12,false,0.91,0.62,73
2023-02-26,bellabot,SV1001205116386,D4:12:43:BF:63:8E,Firemakers,2023-02-25 23:18:09,false,1.20,1.37,85
2023-02-26,bellabot,SV1000214017013,20:50:E7:02:BF:E8,АРТ-Премиум,2023-02-26 09:21:28,false,0.14,0.13,16
2023-02-26,bellabot,SV1000214017033,20:50:E7:02:FD:36,Soft-servis,2023-02-26 07:34:36,false,2.92,3.65,14
2023-02-26,bellabot,SV1000214017031,20:50:E7:03:06:3A,Jango Park,2023-02-26 14:20:36,false,0.16,0.10,6
2023-02-26,kettybot,PNT102213716158,20:50:E7:02:12:A8,Baltiya Hotel,2023-02-26 08:46:06,false,7.73,0.00,4
2023-02-26,bellabot,SV1000214017001,20:50:E7:02:7F:10,Динозаврия,2023-02-26 04:51:55,false,1.63,1.59,56
2023-02-26,bellabot,SV1000213954014,20:50:E7:23:71:74,Ресторан ГрильХаус,2023-02-26 10:05:13,false,0.41,0.49,32
2023-02-26,bellabot,sv1000213943034,20:50:E7:23:56:70,Чайхана PLOV,2023-02-26 16:27:12,false,0.05,0.06,2
2023-02-26,bellabot,620019270070278,20:50:E7:02:FD:68,Perchini,2023-02-26 07:28:26,false,1.03,1.06,63
2023-02-26,bellabot,Sv1000214017008,20:50:E7:23:83:6A,Parmesan,2023-02-25 19:43:15,false,4.78,1.55,106
2023-02-26,bellabot,SV1114223233002,20:50:E7:02:C0:F2,Soft-servis,2023-02-26 06:26:41,false,2.06,1.94,38
2023-02-26,bellabot,SV1000211931010,D4:12:43:B0:E7:9A,Velich,2023-02-26 00:26:52,false,0.05,0.06,4
2023-02-26,bellabot,sv1000213943015,20:50:E7:23:95:7C,Fun Jump Kazan,2023-02-26 09:44:15,false,1.76,0.98,42
2023-02-26,bellabot,sv1000214017014,20:50:E7:02:EB:0A,Фанджамп Екатеринбург,2023-02-26 10:42:32,false,1.79,2.08,52
2023-02-26,bellabot,SV1000214017015,20:50:E7:02:E4:50,Fun Jump,2023-02-25 23:09:24,false,1.34,1.33,69
2023-02-26,kettybot,PNT102213716164,20:50:E7:23:69:5C,Parmesan,2023-02-25 23:47:13,false,0.71,0.55,46
2023-02-26,bellabot,620015050070163,D4:12:43:B1:02:2C,Gastreet_panorama,2023-02-26 03:24:54,false,2.08,2.61,55
2023-02-26,bellabot,SV1000212652005,20:50:E7:23:B4:80,Sber Univercity,2023-02-26 05:49:49,false,8.67,1.00,24
2023-02-26,bellabot,SV1000211931012,D4:12:43:B0:D5:68,Gastreet_panorama,2023-02-26 14:03:20,false,1.44,0.29,16
2023-02-26,bellabot,SV1000214017034,20:50:E7:02:BE:0C,Soft-servis,2023-02-26 10:51:18,false,0.64,1.07,1
2023-02-26,bellabot,SV1000212910013,20:50:E7:23:79:E8,Flagman office,2023-02-26 00:14:24,false,0.26,0.30,16
2023-02-25,bellabot,620019240060415,20:50:E7:02:24:2A,Parmesan,2023-02-24 21:14:20,false,3.26,1.90,168
2023-02-25,bellabot,SV1000214017015,20:50:E7:02:E4:50,Fun Jump,2023-02-25 09:43:06,false,2.78,2.92,92
2023-02-25,bellabot,SV1001205116386,D4:12:43:BF:63:8E,Firemakers,2023-02-24 21:48:02,false,2.70,2.92,206
2023-02-25,bellabot,SV1000214017034,20:50:E7:02:BE:0C,Soft-servis,2023-02-25 12:12:51,false,0.29,0.45,1
2023-02-25,bellabot,620015050070163,D4:12:43:B1:02:2C,Gastreet_panorama,2023-02-25 02:03:51,false,2.44,2.79,66
2023-02-25,bellabot,sv1000214017014,20:50:E7:02:EB:0A,Фанджамп Екатеринбург,2023-02-25 10:23:46,false,2.10,2.69,48
2023-02-25,bellabot,SV1000214017001,20:50:E7:02:7F:10,Динозаврия,2023-02-25 06:58:22,false,1.53,1.06,35
2023-02-25,bellabot,SV1000213954003,20:50:E7:02:87:DA,Soft-servis,2023-02-25 10:22:49,false,1.12,0.63,55
2023-02-25,bellabot,sv1000214017022,20:50:E7:02:EB:56,Компот,2023-02-24 21:59:58,false,2.50,1.59,173
2023-02-25,bellabot,sv1114223233003,20:50:E7:39:7C:16,Soft-Stend,2023-02-25 01:43:04,false,3.78,2.39,101
2023-02-25,kettybot,PNT102213716170,20:50:E7:02:F3:3E,Neo,2023-02-25 09:05:51,false,1.40,0.90,113
2023-02-25,bellabot,SV1000212910001,20:50:E7:23:3D:AA,Soft-servis,2023-02-25 06:12:07,false,1.30,1.25,113
2023-02-25,bellabot,SV1114223233001,10:2C:6B:97:C7:FE,Soft-Stend,2023-02-24 22:37:21,false,1.88,1.13,148
2023-02-25,bellabot,SV1000214017013,20:50:E7:02:BF:E8,АРТ-Премиум,2023-02-25 10:06:24,false,0.39,0.35,33
2023-02-25,bellabot,sv1000213943015,20:50:E7:23:95:7C,Fun Jump Kazan,2023-02-25 10:44:19,false,1.76,0.90,57
2023-02-25,bellabot,SV1000211931010,D4:12:43:B0:E7:9A,Velich,2023-02-25 00:01:43,false,0.47,0.54,31
2023-02-25,bellabot,SV1000212652005,20:50:E7:23:B4:80,Sber Univercity,2023-02-25 03:09:33,false,8.34,1.28,43
2023-02-25,bellabot,SV1000214017031,20:50:E7:03:06:3A,Jango Park,2023-02-25 14:08:05,false,0.37,0.32,14
2023-02-25,bellabot,620019270070278,20:50:E7:02:FD:68,Perchini,2023-02-25 08:10:22,false,1.33,1.26,70
2023-02-25,bellabot,SV1000213954014,20:50:E7:23:71:74,Ресторан ГрильХаус,2023-02-24 23:37:40,false,0.87,0.58,35
2023-02-25,bellabot,SV1114223233002,20:50:E7:02:C0:F2,Soft-servis,2023-02-25 02:35:40,false,2.91,2.73,58
2023-02-25,bellabot,SV1000211931012,D4:12:43:B0:D5:68,Gastreet_panorama,2023-02-25 00:19:41,false,0.17,0.19,7
2023-02-25,kettybot,PNT102213716164,20:50:E7:23:69:5C,Parmesan,2023-02-24 23:49:15,false,0.68,0.65,51
2023-02-25,bellabot,Sv1000214017008,20:50:E7:23:83:6A,Parmesan,2023-02-25 00:21:52,false,2.14,1.18,87
2023-02-25,bellabot,SV1000212910013,20:50:E7:23:79:E8,Flagman office,2023-02-25 12:53:59,false,0.60,0.58,31
2023-02-24,bellabot,SV1000214017013,20:50:E7:02:BF:E8,АРТ-Премиум,2023-02-24 09:07:42,false,0.37,0.35,28
2023-02-24,bellabot,sv1114223233003,20:50:E7:39:7C:16,Soft-Stend,2023-02-24 01:48:31,false,2.69,2.50,99
2023-02-24,bellabot,SV1000213954003,20:50:E7:02:87:DA,Soft-servis,2023-02-24 13:08:55,false,0.35,0.27,14
2023-02-24,bellabot,sv1000213943015,20:50:E7:23:95:7C,Fun Jump Kazan,2023-02-24 10:45:34,false,1.74,1.48,64
2023-02-24,bellabot,SV1000214017015,20:50:E7:02:E4:50,Fun Jump,2023-02-24 09:48:10,false,2.70,2.77,80
2023-02-24,bellabot,SV1000214017033,20:50:E7:02:FD:36,Soft-servis,2023-02-24 10:53:30,false,0.61,0.89,8
2023-02-24,bellabot,SV1000211931010,D4:12:43:B0:E7:9A,Velich,2023-02-24 11:05:05,false,0.42,0.46,27
2023-02-24,bellabot,SV1114223233002,20:50:E7:02:C0:F2,Soft-servis,2023-02-24 02:31:04,false,2.98,3.74,69
2023-02-24,bellabot,sv1000214017014,20:50:E7:02:EB:0A,Фанджамп Екатеринбург,2023-02-24 09:03:20,false,2.44,3.09,65
2023-02-24,kettybot,PNT102213716164,20:50:E7:23:69:5C,Parmesan,2023-02-23 23:47:52,false,0.70,0.75,53
2023-02-24,bellabot,sv1000213943034,20:50:E7:23:56:70,Чайхана PLOV,2023-02-24 00:28:58,false,0.02,0.01,1
2023-02-24,bellabot,SV1000214017012,D4:12:43:C3:87:66,Soft-servis,2023-02-24 17:22:39,false,0.12,0.07,7
2023-02-24,bellabot,SV1000214017031,20:50:E7:03:06:3A,Jango Park,2023-02-24 12:57:29,false,0.54,0.38,17
2023-02-24,bellabot,SV1000212652005,20:50:E7:23:B4:80,Sber Univercity,2023-02-23 14:04:40,false,10.42,1.54,40
2023-02-24,bellabot,620015050070163,D4:12:43:B1:02:2C,Gastreet_panorama,2023-02-24 01:39:02,false,2.85,2.82,60
2023-02-24,bellabot,620019240060415,20:50:E7:02:24:2A,Parmesan,2023-02-23 19:56:39,false,4.56,1.68,130
2023-02-24,bellabot,SV1000213954014,20:50:E7:23:71:74,Ресторан ГрильХаус,2023-02-24 09:57:48,false,0.54,0.74,38
2023-02-24,bellabot,SV1000212910013,20:50:E7:23:79:E8,Flagman office,2023-02-24 12:09:40,false,0.34,0.27,19
2023-02-24,kettybot,PNT102213716158,20:50:E7:02:12:A8,Baltiya Hotel,2023-02-24 00:51:32,false,11.64,0.03,20
2023-02-24,bellabot,SV1000214017034,20:50:E7:02:BE:0C,Soft-servis,2023-02-24 11:49:29,false,1.68,2.56,2
2023-02-24,bellabot,Sv1000214017008,20:50:E7:23:83:6A,Parmesan,2023-02-23 22:56:02,false,1.57,1.07,70
2023-02-24,bellabot,sv1000214017022,20:50:E7:02:EB:56,Компот,2023-02-24 09:02:18,false,2.46,1.84,182
2023-02-24,bellabot,SV1000214017001,20:50:E7:02:7F:10,Динозаврия,2023-02-24 08:41:35,false,0.81,0.72,22
2023-02-24,bellabot,620019270070278,20:50:E7:02:FD:68,Perchini,2023-02-24 07:21:53,false,1.14,1.14,60
2023-02-24,kettybot,PNT102213716170,20:50:E7:02:F3:3E,Neo,2023-02-24 09:04:11,false,1.43,0.64,92
2023-02-24,bellabot,SV1001205116386,D4:12:43:BF:63:8E,Firemakers,2023-02-24 09:07:44,false,2.37,2.17,149
2023-02-24,bellabot,SV1114223233001,10:2C:6B:97:C7:FE,Soft-Stend,2023-02-23 22:17:21,false,2.21,1.05,137
2023-02-24,pudubot,PD9152213661013,20:50:E7:02:D2:28,Санаторий Заполярье,2023-02-24 15:17:46,false,2.20,0.42,1
2023-02-24,bellabot,SV1000211931012,D4:12:43:B0:D5:68,Gastreet_panorama,2023-02-23 23:37:40,false,0.87,0.89,33
2023-02-24,bellabot,SV1000212910001,20:50:E7:23:3D:AA,Soft-servis,2023-02-24 05:03:26,false,1.44,1.22,127
2023-02-23,bellabot,620019240060415,20:50:E7:02:24:2A,Parmesan,2023-02-22 20:20:30,false,4.16,1.39,132
2023-02-23,bellabot,Sv1000214017008,20:50:E7:23:83:6A,Parmesan,2023-02-22 22:24:45,false,2.09,1.83,105
2023-02-23,bellabot,sv1000214017022,20:50:E7:02:EB:56,Компот,2023-02-22 22:54:09,false,1.60,1.12,126
2023-02-23,kettybot,PNT102213716170,20:50:E7:02:F3:3E,Neo,2023-02-23 09:24:10,false,1.10,0.69,91
2023-02-23,bellabot,SV1000214017015,20:50:E7:02:E4:50,Fun Jump,2023-02-23 09:30:46,false,2.99,3.35,94
2023-02-23,bellabot,sv1000213943034,20:50:E7:23:56:70,Чайхана PLOV,2023-02-23 19:25:25,false,0.08,0.08,4
2023-02-23,bellabot,SV1000214017031,20:50:E7:03:06:3A,Jango Park,2023-02-23 12:58:14,false,0.53,0.46,22
2023-02-23,bellabot,SV1000214017013,20:50:E7:02:BF:E8,АРТ-Премиум,2023-02-23 11:17:02,false,0.22,0.18,21
2023-02-23,bellabot,SV1000212652005,20:50:E7:23:B4:80,Sber Univercity,2023-02-22 17:50:53,false,6.65,1.02,57
2023-02-23,bellabot,SV1000212910001,20:50:E7:23:3D:AA,Soft-servis,2023-02-23 04:15:33,false,2.24,1.69,167
2023-02-23,bellabot,SV1114223233001,10:2C:6B:97:C7:FE,Soft-Stend,2023-02-22 21:54:55,false,2.58,1.33,164
2023-02-23,bellabot,SV1000214017033,20:50:E7:02:FD:36,Soft-servis,2023-02-23 07:54:51,false,1.59,2.45,15
2023-02-23,bellabot,SV1001205116386,D4:12:43:BF:63:8E,Firemakers,2023-02-23 10:28:09,false,2.03,1.72,126
2023-02-23,pudubot,PD9152213661013,20:50:E7:02:D2:28,Санаторий Заполярье,2023-02-23 07:51:49,false,2.64,0.57,4
2023-02-23,bellabot,620019270070278,20:50:E7:02:FD:68,Perchini,2023-02-23 06:01:32,false,1.47,1.52,79
2023-02-23,bellabot,SV1000214017001,20:50:E7:02:7F:10,Динозаврия,2023-02-23 09:02:52,false,0.45,0.36,15
2023-02-23,bellabot,620015050070163,D4:12:43:B1:02:2C,Gastreet_panorama,2023-02-23 04:18:24,false,2.19,2.70,57
2023-02-23,bellabot,SV1000212910013,20:50:E7:23:79:E8,Flagman office,2023-02-23 11:12:26,false,0.29,0.33,17
2023-02-23,bellabot,SV1000213954014,20:50:E7:23:71:74,Ресторан ГрильХаус,2023-02-22 23:53:49,false,0.60,0.74,52
2023-02-23,bellabot,sv1114223233003,20:50:E7:39:7C:16,Soft-Stend,2023-02-23 02:58:53,false,3.52,1.78,58
2023-02-23,bellabot,SV1114223233002,20:50:E7:02:C0:F2,Soft-servis,2023-02-23 02:47:57,false,2.70,2.43,46
2023-02-23,bellabot,SV1000211931010,D4:12:43:B0:E7:9A,Velich,2023-02-23 01:22:21,false,0.13,0.11,10
2023-02-23,kettybot,PNT102213716165,20:50:E7:02:36:E0,Soft-servis,2023-02-23 09:28:48,false,0.02,0.02,2
2023-02-23,bellabot,sv1000214017014,20:50:E7:02:EB:0A,Фанджамп Екатеринбург,2023-02-23 09:01:57,false,2.47,2.75,64
2023-02-23,kettybot,PNT102213716164,20:50:E7:23:69:5C,Parmesan,2023-02-22 23:30:33,false,0.99,0.84,76
2023-02-23,kettybot,PNT102213716159,20:50:E7:23:96:70,Динозаврия,2023-02-23 11:29:11,false,0.01,0.00,2
2023-02-23,bellabot,SV1000213954003,20:50:E7:02:87:DA,Soft-servis,2023-02-23 00:06:52,false,0.39,0.38,32
2023-02-23,bellabot,SV1000214017034,20:50:E7:02:BE:0C,Soft-servis,2023-02-23 11:28:14,false,0.03,0.05,1
2023-02-23,bellabot,SV1000211931012,D4:12:43:B0:D5:68,Gastreet_panorama,2023-02-23 09:43:41,false,0.77,0.78,30
2023-02-23,bellabot,sv1000213943015,20:50:E7:23:95:7C,Fun Jump Kazan,2023-02-23 13:08:56,false,1.35,0.71,36
2023-02-22,bellabot,620019240060415,20:50:E7:02:24:2A,Parmesan,2023-02-22 13:31:23,false,0.98,0.67,56
2023-02-22,bellabot,SV1000214017001,20:50:E7:02:7F:10,Динозаврия,2023-02-22 08:22:28,false,1.13,1.03,31
2023-02-22,bellabot,sv1114223233003,20:50:E7:39:7C:16,Soft-Stend,2023-02-22 07:20:04,false,1.17,1.38,59
2023-02-22,bellabot,SV1000214017034,20:50:E7:02:BE:0C,Soft-servis,2023-02-22 12:14:23,false,0.26,0.39,1
2023-02-22,bellabot,Sv1000214017008,20:50:E7:23:83:6A,Parmesan,2023-02-22 12:57:42,false,1.54,1.01,85
2023-02-22,bellabot,sv1000213943015,20:50:E7:23:95:7C,Fun Jump Kazan,2023-02-22 10:50:34,false,0.66,0.65,25
2023-02-22,bellabot,SV1001205116386,D4:12:43:BF:63:8E,Firemakers,2023-02-22 10:37:24,false,1.88,2.08,145
2023-02-22,kettybot,PNT102213716170,20:50:E7:02:F3:3E,Neo,2023-02-22 10:58:29,false,0.53,0.35,43
2023-02-22,bellabot,SV1000214017015,20:50:E7:02:E4:50,Fun Jump,2023-02-22 11:35:33,false,1.91,2.06,61
2023-02-22,bellabot,SV1000213954003,20:50:E7:02:87:DA,Soft-servis,2023-02-22 00:18:35,false,0.19,0.16,9
2023-02-22,kettybot,PNT102213716158,20:50:E7:02:12:A8,Baltiya Hotel,2023-02-22 04:05:29,false,9.41,0.00,4
2023-02-22,bellabot,SV1114223233001,10:2C:6B:97:C7:FE,Soft-Stend,2023-02-22 15:11:09,false,1.31,0.38,61
2023-02-22,bellabot,SV1000212910001,20:50:E7:23:3D:AA,Soft-servis,2023-02-22 06:34:11,false,0.93,0.85,85
2023-02-22,bellabot,SV1000212910013,20:50:E7:23:79:E8,Flagman office,2023-02-22 11:56:26,false,0.56,0.59,34
2023-02-22,kettybot,PNT102213716165,20:50:E7:02:36:E0,Soft-servis,2023-02-22 14:34:52,false,0.92,0.50,39
2023-02-22,bellabot,sv1000214017014,20:50:E7:02:EB:0A,Фанджамп Екатеринбург,2023-02-22 13:05:22,false,1.41,1.42,25
2023-02-22,bellabot,SV1000211931012,D4:12:43:B0:D5:68,Gastreet_panorama,2023-02-22 00:10:47,false,0.32,0.25,13
2023-02-22,bellabot,SV1000214017013,20:50:E7:02:BF:E8,АРТ-Премиум,2023-02-22 09:29:02,false,0.02,0.02,5
2023-02-22,bellabot,620015050070163,D4:12:43:B1:02:2C,Gastreet_panorama,2023-02-22 01:38:35,false,1.86,2.00,39
2023-02-22,bellabot,SV1000214017031,20:50:E7:03:06:3A,Jango Park,2023-02-22 15:03:49,false,0.44,0.40,16
2023-02-22,bellabot,SV111422323005,20:50:E7:40:1B:AA,Soft-Stend,2023-02-22 14:26:26,false,1.06,0.57,81
2023-02-22,bellabot,620019270070278,20:50:E7:02:FD:68,Perchini,2023-02-22 08:58:03,false,0.53,0.40,23
2023-02-22,bellabot,SV1000213954014,20:50:E7:23:71:74,Ресторан ГрильХаус,2023-02-22 18:29:25,false,0.01,0.02,1
2023-02-22,bellabot,SV1000212652005,20:50:E7:23:B4:80,Sber Univercity,2023-02-21 20:35:11,false,3.91,0.24,14
2023-02-22,kettybot,PNT102213716164,20:50:E7:23:69:5C,Parmesan,2023-02-22 16:01:20,false,0.48,0.43,39
2023-02-22,bellabot,SV1000214017033,20:50:E7:02:FD:36,Soft-servis,2023-02-22 07:26:34,false,2.06,3.12,7
2023-02-22,bellabot,SV1114223233002,20:50:E7:02:C0:F2,Soft-servis,2023-02-22 05:29:17,false,2.01,2.26,51
2023-02-22,bellabot,SV1000213954014,20:50:E7:23:71:74,Ресторан ГрильХаус,2023-02-22 12:09:43,false,0.34,0.29,21
2023-02-22,bellabot,SV1000211931010,D4:12:43:B0:E7:9A,Velich,2023-02-22 08:14:30,false,0.26,0.30,17
2023-02-22,bellabot,sv1000214017022,20:50:E7:02:EB:56,Компот,2023-02-22 07:57:13,false,1.55,1.34,113
2023-02-21,bellabot,SV1000214017001,20:50:E7:02:7F:10,Динозаврия,2023-02-21 08:37:53,false,0.87,0.73,29
2023-02-21,pudubot,PD9152213661013,20:50:E7:02:D2:28,Санаторий Заполярье,2023-02-21 10:06:14,false,0.40,0.06,1
2023-02-21,kettybot,PNT102213716158,20:50:E7:02:12:A8,Baltiya Hotel,2023-02-21 01:12:30,false,10.29,0.01,8
2023-02-21,bellabot,SV1000214017013,20:50:E7:02:BF:E8,АРТ-Премиум,2023-02-21 12:22:54,false,0.12,0.08,6
2023-02-21,kettybot,PNT102213716165,20:50:E7:02:36:E0,Soft-servis,2023-02-21 17:29:43,false,0.00,0.00,1
2023-02-21,bellabot,620019270070278,20:50:E7:02:FD:68,Perchini,2023-02-21 08:38:35,false,0.86,0.94,46
2023-02-21,bellabot,SV1000212910013,20:50:E7:23:79:E8,Flagman office,2023-02-21 13:20:35,false,0.16,0.13,7
2023-02-21,bellabot,SV1000211931012,D4:12:43:B0:D5:68,Gastreet_panorama,2023-02-21 00:27:32,false,0.04,0.07,2
2023-02-21,bellabot,sv1000213943015,20:50:E7:23:95:7C,Fun Jump Kazan,2023-02-21 11:08:23,false,0.36,0.33,15
2023-02-21,bellabot,sv1000214017014,20:50:E7:02:EB:0A,Фанджамп Екатеринбург,2023-02-21 10:32:10,false,0.96,1.37,28
2023-02-21,bellabot,SV1000213954003,20:50:E7:02:87:DA,Soft-servis,2023-02-21 11:51:11,false,0.65,0.60,32
2023-02-21,bellabot,SV1000212652005,20:50:E7:23:B4:80,Sber Univercity,2023-02-21 01:50:18,false,8.66,0.88,26
2023-02-21,bellabot,SV1001205116386,D4:12:43:BF:63:8E,Firemakers,2023-02-21 10:37:57,false,1.87,1.87,120
2023-02-21,kettybot,PNT102213716164,20:50:E7:23:69:5C,Parmesan,2023-02-21 00:05:01,false,0.42,0.42,33
2023-02-21,bellabot,SV1000214017034,20:50:E7:02:BE:0C,Soft-servis,2023-02-21 12:17:36,false,0.21,0.32,1
2023-02-21,bellabot,SV1000211931010,D4:12:43:B0:E7:9A,Velich,2023-02-21 00:22:27,false,0.13,0.16,8
2023-02-21,bellabot,SV1000214017033,20:50:E7:02:FD:36,Soft-servis,2023-02-21 08:29:48,false,2.00,3.28,6
2023-02-21,bellabot,620015050070163,D4:12:43:B1:02:2C,Gastreet_panorama,2023-02-21 04:31:10,false,0.98,0.64,19
2023-02-21,bellabot,SV1114223233002,20:50:E7:02:C0:F2,Soft-servis,2023-02-21 02:39:35,false,1.84,1.65,38
2023-02-20,bellabot,620015050070163,D4:12:43:B1:02:2C,Gastreet_panorama,2023-02-20 02:53:34,false,1.61,1.71,53
2023-02-20,bellabot,SV1114223233002,20:50:E7:02:C0:F2,Soft-servis,2023-02-20 04:46:10,false,1.73,2.05,34
2023-02-20,kettybot,PNT102213716164,20:50:E7:23:69:5C,Parmesan,2023-02-20 00:14:44,false,0.25,0.23,21
2023-02-20,bellabot,SV1000212652005,20:50:E7:23:B4:80,Sber Univercity,2023-02-19 19:16:19,false,5.23,1.17,38
2023-02-20,bellabot,SV1000214017033,20:50:E7:02:FD:36,Soft-servis,2023-02-20 08:15:23,false,4.24,6.77,7
2023-02-20,bellabot,SV1000211931012,D4:12:43:B0:D5:68,Gastreet_panorama,2023-02-20 01:08:56,false,0.35,0.44,23
2023-02-20,bellabot,SV1000214017013,20:50:E7:02:BF:E8,АРТ-Премиум,2023-02-20 10:18:21,false,0.19,0.17,16
2023-02-20,bellabot,620019270070278,20:50:E7:02:FD:68,Perchini,2023-02-20 07:21:11,false,1.15,1.36,63
2023-02-20,bellabot,SV1000213954003,20:50:E7:02:87:DA,Soft-servis,2023-02-20 00:03:56,false,0.43,0.48,34
2023-02-20,bellabot,sv1000214017014,20:50:E7:02:EB:0A,Фанджамп Екатеринбург,2023-02-20 09:33:56,false,1.93,2.34,41
2023-02-20,bellabot,SV1000214017034,20:50:E7:02:BE:0C,Soft-servis,2023-02-20 12:20:18,false,2.16,3.32,2
2023-02-20,bellabot,SV1000214017001,20:50:E7:02:7F:10,Динозаврия,2023-02-20 09:48:44,false,0.69,0.42,13
2023-02-20,bellabot,sv1000213943015,20:50:E7:23:95:7C,Fun Jump Kazan,2023-02-20 11:53:55,false,0.60,0.41,27
2023-02-20,bellabot,SV1000212910013,20:50:E7:23:79:E8,Flagman office,2023-02-20 01:27:37,false,0.04,0.05,2
2023-02-19,bellabot,SV1000211931012,D4:12:43:B0:D5:68,Gastreet_panorama,2023-02-19 18:21:35,false,0.14,0.15,6
2023-02-19,bellabot,620015050070163,D4:12:43:B1:02:2C,Gastreet_panorama,2023-02-19 03:32:48,false,1.95,2.36,45
2023-02-19,bellabot,SV1000214017013,20:50:E7:02:BF:E8,АРТ-Премиум,2023-02-19 13:18:26,false,0.19,0.08,10
2023-02-19,pudubot,PD9152212113001,D4:12:43:C4:A3:AA,Gastreet_panorama,2023-02-19 12:29:43,false,0.00,0.00,1
2023-02-19,bellabot,sv1000213943015,20:50:E7:23:95:7C,Fun Jump Kazan,2023-02-19 09:07:03,false,2.38,1.62,89
2023-02-19,kettybot,PNT102213716164,20:50:E7:23:69:5C,Parmesan,2023-02-19 15:50:08,false,0.66,0.59,44
2023-02-19,pudubot,PD9152213661013,20:50:E7:02:D2:28,Санаторий Заполярье,2023-02-19 14:43:58,false,0.77,0.15,5
2023-02-19,bellabot,SV1000214017033,20:50:E7:02:FD:36,Soft-servis,2023-02-19 09:10:41,false,0.32,0.51,5
2023-02-19,bellabot,SV1114223233002,20:50:E7:02:C0:F2,Soft-servis,2023-02-19 02:49:36,false,3.67,3.48,72
2023-02-19,bellabot,SV1000212652005,20:50:E7:23:B4:80,Sber Univercity,2023-02-18 16:10:28,false,8.33,0.55,31
2023-02-19,bellabot,SV1000213954003,20:50:E7:02:87:DA,Soft-servis,2023-02-18 23:51:53,false,0.64,0.50,46
2023-02-19,bellabot,620019270070278,20:50:E7:02:FD:68,Perchini,2023-02-19 06:12:28,false,1.29,1.09,60
2023-02-19,bellabot,sv1000214017014,20:50:E7:02:EB:0A,Фанджамп Екатеринбург,2023-02-19 07:19:29,false,3.18,3.25,63
2023-02-19,bellabot,SV1000214017034,20:50:E7:02:BE:0C,Soft-servis,2023-02-19 12:00:22,false,8.49,11.09,1
2023-02-19,bellabot,SV1000211931010,D4:12:43:B0:E7:9A,Velich,2023-02-19 02:15:52,false,0.24,0.23,17
2023-02-19,bellabot,SV1000212910013,20:50:E7:23:79:E8,Flagman office,2023-02-19 00:10:59,false,0.32,0.29,18
2023-02-19,bellabot,SV1000214017001,20:50:E7:02:7F:10,Динозаврия,2023-02-19 05:44:29,false,0.76,0.58,19
2023-02-18,bellabot,SV1000214017033,20:50:E7:02:FD:36,Soft-servis,2023-02-18 08:00:51,false,1.49,2.26,17
2023-02-18,bellabot,SV1000214017031,20:50:E7:03:06:3A,Jango Park,2023-02-18 10:56:40,false,0.56,0.47,17
2023-02-18,bellabot,sv1114223233003,20:50:E7:39:7C:16,Soft-Stend,2023-02-18 01:16:20,false,4.23,4.21,131
2023-02-18,bellabot,SV1000214017013,20:50:E7:02:BF:E8,АРТ-Премиум,2023-02-18 10:10:22,false,0.33,0.28,21
2023-02-18,bellabot,SV1000214017001,20:50:E7:02:7F:10,Динозаврия,2023-02-18 08:21:09,false,1.15,0.84,45
2023-02-18,pudubot,PD9152213661013,20:50:E7:02:D2:28,Санаторий Заполярье,2023-02-18 04:14:27,false,6.26,0.57,5
2023-02-18,bellabot,SV1000213954003,20:50:E7:02:87:DA,Soft-servis,2023-02-18 00:09:57,false,0.33,0.31,26
2023-02-18,kettybot,PNT102213716159,20:50:E7:23:96:70,Динозаврия,2023-02-18 04:21:03,false,0.15,0.03,19
2023-02-18,bellabot,sv1000213943015,20:50:E7:23:95:7C,Fun Jump Kazan,2023-02-18 09:53:53,false,1.60,1.03,52
2023-02-18,bellabot,SV1000214017012,D4:12:43:C3:87:66,Soft-servis,2023-02-18 10:22:39,false,0.12,0.03,2
2023-02-18,bellabot,SV1000214017034,20:50:E7:02:BE:0C,Soft-servis,2023-02-18 11:59:21,false,0.51,0.77,4
2023-02-18,bellabot,SV1000213954014,20:50:E7:23:71:74,Ресторан ГрильХаус,2023-02-18 16:29:28,false,0.01,0.02,1
2023-02-18,bellabot,sv1000214017022,20:50:E7:02:EB:56,Компот,2023-02-18 10:06:56,false,1.38,1.07,99
2023-02-18,bellabot,SV1000212910013,20:50:E7:23:79:E8,Flagman office,2023-02-18 00:05:08,false,0.41,0.31,17
2023-02-18,kettybot,PNT102213716164,20:50:E7:23:69:5C,Parmesan,2023-02-18 00:12:33,false,0.29,0.26,21
2023-02-18,bellabot,SV1000212910001,20:50:E7:23:3D:AA,Soft-servis,2023-02-18 05:47:35,false,1.71,1.32,135
2023-02-18,bellabot,620019270070278,20:50:E7:02:FD:68,Perchini,2023-02-18 05:47:53,false,1.70,1.63,86
2023-02-18,bellabot,SV1000213954014,20:50:E7:23:71:74,Ресторан ГрильХаус,2023-02-18 14:27:18,false,0.04,0.06,3
2023-02-18,bellabot,SV1000214017015,20:50:E7:02:E4:50,Fun Jump,2023-02-17 23:44:58,false,0.75,0.83,29
2023-02-18,bellabot,sv1000214017014,20:50:E7:02:EB:0A,Фанджамп Екатеринбург,2023-02-18 07:52:09,false,3.63,4.29,90
2023-02-18,bellabot,SV1114223233001,10:2C:6B:97:C7:FE,Soft-Stend,2023-02-18 11:41:53,false,0.80,0.32,55
2023-02-18,bellabot,SV1000211931012,D4:12:43:B0:D5:68,Gastreet_panorama,2023-02-17 22:29:48,false,2.00,0.92,42
2023-02-18,bellabot,SV1000212652005,20:50:E7:23:B4:80,Sber Univercity,2023-02-18 00:49:54,false,9.67,1.09,44
2023-02-18,bellabot,SV1000211931010,D4:12:43:B0:E7:9A,Velich,2023-02-18 00:06:09,false,0.40,0.43,25
2023-02-18,bellabot,Sv1000214017008,20:50:E7:23:83:6A,Parmesan,2023-02-18 00:02:55,false,0.45,0.43,21
2023-02-18,bellabot,620015050070163,D4:12:43:B1:02:2C,Gastreet_panorama,2023-02-18 02:36:41,false,2.89,3.07,60
2023-02-18,kettybot,PNT102213716170,20:50:E7:02:F3:3E,Neo,2023-02-18 09:59:11,false,0.51,0.34,40
2023-02-18,bellabot,SV1114223233002,20:50:E7:02:C0:F2,Soft-servis,2023-02-18 02:17:04,false,3.22,3.04,60
2023-02-18,bellabot,620019240060415,20:50:E7:02:24:2A,Parmesan,2023-02-17 23:14:15,false,1.26,0.42,27
2023-02-18,bellabot,SV1001205116386,D4:12:43:BF:63:8E,Firemakers,2023-02-18 00:20:08,false,1.16,1.33,91
2023-02-17,kettybot,PNT102213716170,20:50:E7:02:F3:3E,Neo,2023-02-17 09:40:37,false,0.82,0.53,67
2023-02-17,kettybot,PNT102213716158,20:50:E7:02:12:A8,Baltiya Hotel,2023-02-16 06:17:27,false,19.21,0.00,5
2023-02-17,bellabot,sv1000214017022,20:50:E7:02:EB:56,Компот,2023-02-16 23:40:18,false,0.83,0.70,68
2023-02-17,bellabot,SV1000211931010,D4:12:43:B0:E7:9A,Velich,2023-02-17 21:21:41,false,0.14,0.16,9
2023-02-17,bellabot,620019270070278,20:50:E7:02:FD:68,Perchini,2023-02-17 07:35:20,false,0.91,0.97,52
2023-02-17,bellabot,sv1000213943015,20:50:E7:23:95:7C,Fun Jump Kazan,2023-02-17 11:09:08,false,0.35,0.28,13
2023-02-17,bellabot,SV1000214017013,20:50:E7:02:BF:E8,АРТ-Премиум,2023-02-17 09:23:16,false,0.11,0.07,10
2023-02-17,bellabot,SV1000213954014,20:50:E7:23:71:74,Ресторан ГрильХаус,2023-02-17 14:25:57,false,0.07,0.14,7
2023-02-17,bellabot,Sv1000214017008,20:50:E7:23:83:6A,Parmesan,2023-02-16 23:02:38,false,1.46,1.47,85
2023-02-17,bellabot,SV1000214017001,20:50:E7:02:7F:10,Динозаврия,2023-02-17 07:04:00,false,0.43,0.50,15
2023-02-17,bellabot,sv1000214017014,20:50:E7:02:EB:0A,Фанджамп Екатеринбург,2023-02-17 11:02:50,false,1.45,1.98,36
2023-02-17,kettybot,PNT102213716164,20:50:E7:23:69:5C,Parmesan,2023-02-16 23:56:25,false,0.56,0.46,42
2023-02-17,bellabot,SV1000212910001,20:50:E7:23:3D:AA,Soft-servis,2023-02-17 06:15:20,false,1.24,1.16,108
2023-02-17,bellabot,SV1000214017034,20:50:E7:02:BE:0C,Soft-servis,2023-02-17 11:35:14,false,0.91,1.37,2
2023-02-17,pudubot,PD9152213661013,20:50:E7:02:D2:28,Санаторий Заполярье,2023-02-17 10:10:16,false,5.33,0.58,2
2023-02-17,bellabot,SV1000211931012,D4:12:43:B0:D5:68,Gastreet_panorama,2023-02-17 13:23:44,false,0.10,0.10,4
2023-02-17,bellabot,SV1000212910013,20:50:E7:23:79:E8,Flagman office,2023-02-17 00:22:33,false,0.12,0.14,10
2023-02-17,bellabot,sv1114223233003,20:50:E7:39:7C:16,Soft-Stend,2023-02-17 12:40:40,false,0.82,0.94,32
2023-02-17,bellabot,SV1001205116386,D4:12:43:BF:63:8E,Firemakers,2023-02-17 10:45:09,false,1.75,1.87,130
2023-02-17,bellabot,SV1000213954003,20:50:E7:02:87:DA,Soft-servis,2023-02-17 15:27:26,false,0.04,0.06,2
2023-02-17,bellabot,620015050070163,D4:12:43:B1:02:2C,Gastreet_panorama,2023-02-17 03:24:37,false,1.09,1.20,29
2023-02-17,bellabot,SV1000214017033,20:50:E7:02:FD:36,Soft-servis,2023-02-17 09:06:13,false,1.40,2.09,13
2023-02-17,bellabot,SV1114223233001,10:2C:6B:97:C7:FE,Soft-Stend,2023-02-16 22:40:31,false,1.82,0.82,95
2023-02-17,bellabot,SV1000213954014,20:50:E7:23:71:74,Ресторан ГрильХаус,2023-02-17 10:05:31,false,0.41,0.41,24
2023-02-17,bellabot,620019240060415,20:50:E7:02:24:2A,Parmesan,2023-02-16 22:53:27,false,1.61,1.22,77
2023-02-17,kettybot,PNT102213716159,20:50:E7:23:96:70,Динозаврия,2023-02-17 13:26:04,false,0.07,0.02,9
2023-02-17,bellabot,SV1000214017015,20:50:E7:02:E4:50,Fun Jump,2023-02-17 11:18:34,false,1.19,1.41,56
2023-02-17,bellabot,SV1114223233002,20:50:E7:02:C0:F2,Soft-servis,2023-02-17 02:05:35,false,3.41,3.74,75
2023-02-17,bellabot,SV1000214017031,20:50:E7:03:06:3A,Jango Park,2023-02-17 13:56:31,false,0.56,0.42,22
2023-02-16,bellabot,SV1000214017012,D4:12:43:C3:87:66,Soft-servis,2023-02-16 16:50:08,false,0.66,1.05,20
2023-02-16,bellabot,SV1114223233002,20:50:E7:02:C0:F2,Soft-servis,2023-02-16 03:19:21,false,2.18,2.27,52
2023-02-16,bellabot,sv1000213943015,20:50:E7:23:95:7C,Fun Jump Kazan,2023-02-16 10:59:41,false,0.51,0.43,19
2023-02-16,bellabot,SV1000211931012,D4:12:43:B0:D5:68,Gastreet_panorama,2023-02-16 09:56:27,false,0.56,0.84,31
2023-02-16,bellabot,620015050070163,D4:12:43:B1:02:2C,Gastreet_panorama,2023-02-16 03:20:39,false,1.16,1.56,29
2023-02-16,pudubot,PD9152212113001,D4:12:43:C4:A3:AA,Gastreet_panorama,2023-02-16 12:28:35,false,0.02,0.01,1
2023-02-16,bellabot,SV1000212652005,20:50:E7:23:B4:80,Sber Univercity,2023-02-16 06:30:56,false,3.98,0.60,27
2023-02-16,kettybot,PNT102213716158,20:50:E7:02:12:A8,Baltiya Hotel,2023-02-16 13:29:53,false,0.00,0.00,1
2023-02-16,bellabot,620019270070278,20:50:E7:02:FD:68,Perchini,2023-02-16 07:34:04,false,0.93,1.05,56
2023-02-16,bellabot,SV1000213954014,20:50:E7:23:71:74,Ресторан ГрильХаус,2023-02-16 15:25:09,false,0.08,0.16,8
2023-02-16,bellabot,SV1000212910001,20:50:E7:23:3D:AA,Soft-servis,2023-02-16 05:14:24,false,1.26,1.14,109
2023-02-16,bellabot,SV1000213954003,20:50:E7:02:87:DA,Soft-servis,2023-02-16 00:21:52,false,0.14,0.15,13
2023-02-16,bellabot,sv1000214017022,20:50:E7:02:EB:56,Компот,2023-02-15 23:38:37,false,0.86,0.62,67
2023-02-16,bellabot,SV1000212641025,D4:12:43:C3:D0:88,Chajhana hariba,2023-02-16 13:23:40,false,0.11,0.14,7
2023-02-16,bellabot,sv1000214017014,20:50:E7:02:EB:0A,Фанджамп Екатеринбург,2023-02-16 11:59:19,false,1.51,1.91,38
2023-02-16,kettybot,PNT102213716170,20:50:E7:02:F3:3E,Neo,2023-02-16 11:02:12,false,0.46,0.29,40
2023-02-16,kettybot,PNT102213716164,20:50:E7:23:69:5C,Parmesan,2023-02-15 23:55:55,false,0.57,0.47,43
2023-02-16,bellabot,SV1000214017001,20:50:E7:02:7F:10,Динозаврия,2023-02-16 07:42:56,false,1.78,1.30,38
2023-02-16,bellabot,SV1114223233001,10:2C:6B:97:C7:FE,Soft-Stend,2023-02-15 23:45:53,false,0.74,0.47,57
2023-02-16,bellabot,SV1000214017034,20:50:E7:02:BE:0C,Soft-servis,2023-02-16 12:19:18,false,0.18,0.29,1
2023-02-16,bellabot,SV1000214017031,20:50:E7:03:06:3A,Jango Park,2023-02-16 12:16:30,false,0.22,0.23,8
2023-02-16,bellabot,SV1000214017015,20:50:E7:02:E4:50,Fun Jump,2023-02-16 08:57:09,false,1.55,1.69,40
2023-02-16,bellabot,SV1000214017013,20:50:E7:02:BF:E8,АРТ-Премиум,2023-02-16 09:27:51,false,0.04,0.03,6
2023-02-16,bellabot,SV1000212910013,20:50:E7:23:79:E8,Flagman office,2023-02-16 01:20:36,false,0.16,0.19,9
2023-02-16,bellabot,SV1000213954014,20:50:E7:23:71:74,Ресторан ГрильХаус,2023-02-16 09:55:03,false,0.58,0.65,34
2023-02-16,bellabot,620019240060415,20:50:E7:02:24:2A,Parmesan,2023-02-15 21:42:31,false,2.79,1.36,82
2023-02-16,bellabot,SV1000214017033,20:50:E7:02:FD:36,Soft-servis,2023-02-16 07:01:29,false,2.48,4.22,8
2023-02-16,kettybot,PNT102213716159,20:50:E7:23:96:70,Динозаврия,2023-02-16 06:23:06,false,0.11,0.03,14
2023-02-16,bellabot,Sv1000214017008,20:50:E7:23:83:6A,Parmesan,2023-02-15 22:33:38,false,1.94,1.44,89
2023-02-16,bellabot,SV1001205116386,D4:12:43:BF:63:8E,Firemakers,2023-02-16 09:42:22,false,1.79,2.15,151
2023-02-15,bellabot,620019270070278,20:50:E7:02:FD:68,Perchini,2023-02-15 08:04:19,false,0.43,0.42,26
2023-02-15,bellabot,SV1114223233001,10:2C:6B:97:C7:FE,Soft-Stend,2023-02-14 23:20:36,false,1.16,0.64,80
2023-02-15,bellabot,SV1114223233002,20:50:E7:02:C0:F2,Soft-servis,2023-02-15 04:38:11,false,1.86,1.69,59
2023-02-15,bellabot,sv1000213943015,20:50:E7:23:95:7C,Fun Jump Kazan,2023-02-15 11:53:29,false,0.61,0.57,28
2023-02-15,bellabot,SV1001205116386,D4:12:43:BF:63:8E,Firemakers,2023-02-15 11:09:31,false,1.34,1.38,91
2023-02-15,bellabot,SV1000214017001,20:50:E7:02:7F:10,Динозаврия,2023-02-15 10:40:30,false,0.82,0.65,20
2023-02-15,bellabot,sv1000214017022,20:50:E7:02:EB:56,Компот,2023-02-14 23:17:11,false,1.21,0.88,89
2023-02-15,bellabot,sv1000214017014,20:50:E7:02:EB:0A,Фанджамп Екатеринбург,2023-02-15 11:45:57,false,0.73,0.98,20
2023-02-15,bellabot,SV1000214017031,20:50:E7:03:06:3A,Jango Park,2023-02-15 19:20:12,false,0.16,0.15,6
2023-02-15,bellabot,SV1000214017033,20:50:E7:02:FD:36,Soft-servis,2023-02-15 07:40:08,false,1.83,2.65,8
2023-02-15,bellabot,620015050070163,D4:12:43:B1:02:2C,Gastreet_panorama,2023-02-15 03:20:50,false,1.15,1.26,37
2023-02-15,bellabot,SV1000214017015,20:50:E7:02:E4:50,Fun Jump,2023-02-15 12:04:25,false,1.43,1.74,48
2023-02-15,bellabot,SV1000214017013,20:50:E7:02:BF:E8,АРТ-Премиум,2023-02-15 09:29:21,false,0.01,0.02,2
2023-02-15,bellabot,SV1000213954014,20:50:E7:23:71:74,Ресторан ГрильХаус,2023-02-15 17:24:46,false,0.09,0.17,11
2023-02-15,bellabot,SV1000212910013,20:50:E7:23:79:E8,Flagman office,2023-02-15 01:19:58,false,0.17,0.18,10
2023-02-15,kettybot,PNT102213716170,20:50:E7:02:F3:3E,Neo,2023-02-15 10:48:15,false,0.70,0.46,55
2023-02-15,bellabot,Sv1000214017008,20:50:E7:23:83:6A,Parmesan,2023-02-14 21:21:14,false,3.15,2.68,162
2023-02-15,bellabot,620019240060415,20:50:E7:02:24:2A,Parmesan,2023-02-14 21:18:58,false,3.18,1.20,77
2023-02-15,bellabot,SV1000213954003,20:50:E7:02:87:DA,Soft-servis,2023-02-15 12:20:12,false,0.16,0.21,12
2023-02-15,bellabot,SV1000213954014,20:50:E7:23:71:74,Ресторан ГрильХаус,2023-02-15 09:46:36,false,0.72,0.82,49
2023-02-15,bellabot,SV1000212652005,20:50:E7:23:B4:80,Sber Univercity,2023-02-15 08:43:18,false,6.78,0.65,45
2023-02-15,kettybot,PNT102213716158,20:50:E7:02:12:A8,Baltiya Hotel,2023-02-15 07:11:11,false,8.31,0.00,2
2023-02-15,kettybot,PNT102213716164,20:50:E7:23:69:5C,Parmesan,2023-02-15 00:13:03,false,0.28,0.30,24
2023-02-15,bellabot,SV1000214017034,20:50:E7:02:BE:0C,Soft-servis,2023-02-15 12:14:36,false,0.26,0.41,3
2023-02-15,bellabot,SV1000211931012,D4:12:43:B0:D5:68,Gastreet_panorama,2023-02-15 01:07:14,false,0.38,0.46,20
2023-02-15,bellabot,SV1000212910001,20:50:E7:23:3D:AA,Soft-servis,2023-02-15 05:58:41,false,1.52,1.30,124
2023-02-15,kettybot,PNT102213716159,20:50:E7:23:96:70,Динозаврия,2023-02-15 09:26:15,false,0.06,0.01,9
2023-02-15,pudubot,PD9152213661013,20:50:E7:02:D2:28,Санаторий Заполярье,2023-02-15 07:27:45,false,4.04,0.98,6
2023-02-14,bellabot,sv1000213943015,20:50:E7:23:95:7C,Fun Jump Kazan,2023-02-14 11:34:24,false,0.93,0.60,30
2023-02-14,bellabot,sv1000214017014,20:50:E7:02:EB:0A,Фанджамп Екатеринбург,2023-02-14 08:05:39,false,2.41,3.06,53
2023-02-14,bellabot,SV1001205116386,D4:12:43:BF:63:8E,Firemakers,2023-02-14 10:23:21,false,2.11,2.25,166
2023-02-14,kettybot,PNT102213716164,20:50:E7:23:69:5C,Parmesan,2023-02-13 23:42:10,false,0.80,0.71,57
2023-02-14,bellabot,SV1000213954003,20:50:E7:02:87:DA,Soft-servis,2023-02-14 00:23:29,false,0.11,0.11,7
2023-02-14,bellabot,Sv1000214017008,20:50:E7:23:83:6A,Parmesan,2023-02-13 22:07:56,false,2.37,2.00,119
2023-02-14,bellabot,SV1000214017015,20:50:E7:02:E4:50,Fun Jump,2023-02-14 12:46:31,false,0.72,0.76,28
2023-02-14,bellabot,SV1000213954014,20:50:E7:23:71:74,Ресторан ГрильХаус,2023-02-14 09:53:44,false,0.60,0.44,28
2023-02-14,bellabot,sv1000214017022,20:50:E7:02:EB:56,Компот,2023-02-13 22:40:01,false,1.83,1.25,115
2023-02-14,bellabot,SV1000211931012,D4:12:43:B0:D5:68,Gastreet_panorama,2023-02-14 11:19:08,false,0.18,0.30,12
2023-02-14,bellabot,620019240060415,20:50:E7:02:24:2A,Parmesan,2023-02-13 22:37:43,false,1.87,1.05,80
2023-02-14,bellabot,SV1000214017033,20:50:E7:02:FD:36,Soft-servis,2023-02-14 09:19:22,false,0.18,0.18,14
2023-02-14,bellabot,SV1000214017034,20:50:E7:02:BE:0C,Soft-servis,2023-02-14 11:38:14,false,4.86,7.18,1
2023-02-14,bellabot,SV1000212641025,D4:12:43:C3:D0:88,Chajhana hariba,2023-02-14 15:27:49,false,0.04,0.04,2
2023-02-14,bellabot,SV1000214017012,D4:12:43:C3:87:66,Soft-servis,2023-02-14 11:50:17,false,0.66,0.01,1
2023-02-14,bellabot,SV1000212652005,20:50:E7:23:B4:80,Sber Univercity,2023-02-14 00:40:03,false,8.83,0.93,54
2023-02-14,pudubot,PD9152212113001,D4:12:43:C4:A3:AA,Gastreet_panorama,2023-02-14 18:27:15,false,0.05,0.02,3
2023-02-14,bellabot,620015050070163,D4:12:43:B1:02:2C,Gastreet_panorama,2023-02-14 04:55:22,false,0.58,0.74,13
2023-02-14,bellabot,SV1000214017001,20:50:E7:02:7F:10,Динозаврия,2023-02-14 07:47:12,false,0.71,0.56,23
2023-02-14,bellabot,SV1114223233001,10:2C:6B:97:C7:FE,Soft-Stend,2023-02-14 11:09:31,false,1.34,0.72,96
2023-02-14,bellabot,SV1000214017031,20:50:E7:03:06:3A,Jango Park,2023-02-14 14:11:01,false,0.32,0.37,13
2023-02-14,kettybot,PNT102213716170,20:50:E7:02:F3:3E,Neo,2023-02-14 09:42:09,false,0.80,0.53,65
2023-02-14,bellabot,SV1000214017013,20:50:E7:02:BF:E8,АРТ-Премиум,2023-02-14 15:25:18,false,0.08,0.05,8
2023-02-14,kettybot,PNT102213716159,20:50:E7:23:96:70,Динозаврия,2023-02-14 06:28:35,false,0.02,0.00,3
2023-02-14,bellabot,SV1000212910013,20:50:E7:23:79:E8,Flagman office,2023-02-13 23:57:52,false,0.54,0.41,31
2023-02-14,bellabot,620019270070278,20:50:E7:02:FD:68,Perchini,2023-02-14 07:36:38,false,0.89,0.94,41
2023-02-14,bellabot,SV1000212910001,20:50:E7:23:3D:AA,Soft-servis,2023-02-14 05:44:13,false,1.76,1.60,165
2023-02-14,bellabot,SV1114223233002,20:50:E7:02:C0:F2,Soft-servis,2023-02-14 09:33:20,false,0.94,0.99,27
2023-02-14,kettybot,PNT102213716158,20:50:E7:02:12:A8,Baltiya Hotel,2023-02-14 01:57:28,false,9.54,0.20,12
2023-02-14,pudubot,PD9152213661013,20:50:E7:02:D2:28,Санаторий Заполярье,2023-02-14 03:57:20,false,6.54,0.86,2
2023-02-13,kettybot,PNT102213716159,20:50:E7:23:96:70,Динозаврия,2023-02-13 04:22:39,false,0.12,0.03,23
2023-02-13,bellabot,SV1000214017015,20:50:E7:02:E4:50,Fun Jump,2023-02-13 14:03:26,false,1.44,1.68,45
2023-02-13,bellabot,SV1000214017031,20:50:E7:03:06:3A,Jango Park,2023-02-13 14:13:26,false,0.28,0.27,29
2023-02-13,bellabot,SV1000212910013,20:50:E7:23:79:E8,Flagman office,2023-02-12 23:40:03,false,0.83,0.79,42
2023-02-13,bellabot,620019240060415,20:50:E7:02:24:2A,Parmesan,2023-02-12 22:15:55,false,2.23,1.32,94
2023-02-13,bellabot,sv1000214017014,20:50:E7:02:EB:0A,Фанджамп Екатеринбург,2023-02-13 12:21:28,false,1.14,1.62,33
2023-02-13,bellabot,sv1000214017022,20:50:E7:02:EB:56,Компот,2023-02-13 08:43:22,false,0.78,0.70,62
2023-02-13,kettybot,PNT102213716170,20:50:E7:02:F3:3E,Neo,2023-02-13 11:12:41,false,0.29,0.20,23
2023-02-13,kettybot,PNT102213716164,20:50:E7:23:69:5C,Parmesan,2023-02-12 23:44:25,false,0.76,0.62,60
2023-02-13,bellabot,SV1001205116386,D4:12:43:BF:63:8E,Firemakers,2023-02-13 09:13:48,false,2.27,2.53,173
2023-02-13,bellabot,SV1000213954003,20:50:E7:02:87:DA,Soft-servis,2023-02-13 00:19:37,false,0.17,0.17,13
2023-02-13,bellabot,SV1000214017001,20:50:E7:02:7F:10,Динозаврия,2023-02-13 07:40:14,false,1.83,0.55,33
2023-02-13,bellabot,SV1000212641025,D4:12:43:C3:D0:88,Chajhana hariba,2023-02-13 15:26:49,false,0.05,0.03,2
2023-02-13,bellabot,SV1000214017033,20:50:E7:02:FD:36,Soft-servis,2023-02-13 19:19:44,false,1.17,1.94,3
2023-02-13,bellabot,SV1114223233001,10:2C:6B:97:C7:FE,Soft-Stend,2023-02-13 00:14:32,false,0.26,0.17,20
2023-02-13,bellabot,SV1000212910001,20:50:E7:23:3D:AA,Soft-servis,2023-02-13 05:07:37,false,1.37,1.14,126
2023-02-13,bellabot,SV1000213954014,20:50:E7:23:71:74,Ресторан ГрильХаус,2023-02-13 10:10:19,false,0.33,0.38,31
2023-02-13,pudubot,PD9152212113001,D4:12:43:C4:A3:AA,Gastreet_panorama,2023-02-13 12:27:21,false,0.04,0.03,2
2023-02-13,pudubot,PD9152213661013,20:50:E7:02:D2:28,Санаторий Заполярье,2023-02-12 23:51:20,false,10.64,1.28,2
2023-02-13,bellabot,sv1000213943015,20:50:E7:23:95:7C,Fun Jump Kazan,2023-02-13 09:16:45,false,2.22,0.28,16
2023-02-13,bellabot,620019270070278,20:50:E7:02:FD:68,Perchini,2023-02-13 05:28:56,false,1.02,1.09,49
2023-02-13,bellabot,SV1000214017034,20:50:E7:02:BE:0C,Soft-servis,2023-02-13 16:15:28,false,0.24,0.38,3
2023-02-13,bellabot,620015050070163,D4:12:43:B1:02:2C,Gastreet_panorama,2023-02-13 04:33:16,false,0.95,1.45,25
2023-02-13,kettybot,PNT102213716158,20:50:E7:02:12:A8,Baltiya Hotel,2023-02-12 11:14:59,false,13.25,0.00,6
2023-02-13,bellabot,SV1000214017012,D4:12:43:C3:87:66,Soft-servis,2023-02-13 17:12:56,false,0.28,0.38,7
2023-02-13,bellabot,SV1000212652005,20:50:E7:23:B4:80,Sber Univercity,2023-02-13 11:12:26,false,5.29,0.51,30
2023-02-13,bellabot,SV1114223233002,20:50:E7:02:C0:F2,Soft-servis,2023-02-13 04:50:04,false,0.67,0.58,15
2023-02-13,bellabot,Sv1000214017008,20:50:E7:23:83:6A,Parmesan,2023-02-12 22:56:12,false,1.56,1.47,83
2023-02-12,bellabot,SV1114223233001,10:2C:6B:97:C7:FE,Soft-Stend,2023-02-12 09:29:14,false,2.01,1.20,154
2023-02-12,kettybot,PNT102213716159,20:50:E7:23:96:70,Динозаврия,2023-02-12 06:42:09,false,0.80,0.00,15
2023-02-12,bellabot,SV1000212641025,D4:12:43:C3:D0:88,Chajhana hariba,2023-02-12 15:28:07,false,0.03,0.02,2
2023-02-12,pudubot,PD9152213661013,20:50:E7:02:D2:28,Санаторий Заполярье,2023-02-12 07:28:06,false,4.03,0.90,3
2023-02-12,bellabot,SV1000214017031,20:50:E7:03:06:3A,Jango Park,2023-02-12 10:52:53,false,0.62,0.65,17
2023-02-12,bellabot,SV1000214017013,20:50:E7:02:BF:E8,АРТ-Премиум,2023-02-12 09:20:42,false,0.16,0.08,11
2023-02-12,bellabot,Sv1000214017008,20:50:E7:23:83:6A,Parmesan,2023-02-11 22:51:40,false,1.64,1.14,85
2023-02-12,kettybot,PNT102213716170,20:50:E7:02:F3:3E,Neo,2023-02-12 09:25:05,false,1.08,0.73,84
2023-02-12,kettybot,PNT102213716158,20:50:E7:02:12:A8,Baltiya Hotel,2023-02-12 09:30:21,false,6.99,0.00,2
2023-02-12,bellabot,SV1000211931010,D4:12:43:B0:E7:9A,Velich,2023-02-12 00:28:52,false,0.02,0.02,2
2023-02-12,bellabot,sv1000213943015,20:50:E7:23:95:7C,Fun Jump Kazan,2023-02-12 12:27:11,false,1.05,0.74,45
2023-02-12,bellabot,SV1000214017015,20:50:E7:02:E4:50,Fun Jump,2023-02-12 09:08:31,false,3.36,3.70,115
2023-02-12,bellabot,sv1000214017022,20:50:E7:02:EB:56,Компот,2023-02-12 08:29:01,false,2.02,1.53,163
2023-02-12,kettybot,PNT102213716164,20:50:E7:23:69:5C,Parmesan,2023-02-11 23:31:43,false,0.97,0.76,69
2023-02-12,bellabot,SV1000214017033,20:50:E7:02:FD:36,Soft-servis,2023-02-12 08:40:29,false,1.83,1.43,14
2023-02-12,pudubot,PD9152212113001,D4:12:43:C4:A3:AA,Gastreet_panorama,2023-02-12 12:23:06,false,0.12,0.08,4
2023-02-12,bellabot,SV1000214017001,20:50:E7:02:7F:10,Динозаврия,2023-02-12 06:08:04,false,1.37,1.06,47
2023-02-12,bellabot,SV1000211931012,D4:12:43:B0:D5:68,Gastreet_panorama,2023-02-12 00:07:08,false,0.38,0.38,16
2023-02-12,bellabot,SV1001205116386,D4:12:43:BF:63:8E,Firemakers,2023-02-12 08:52:03,false,2.63,2.89,211
2023-02-12,bellabot,SV1000213954003,20:50:E7:02:87:DA,Soft-servis,2023-02-12 12:15:49,false,0.24,0.23,21
2023-02-12,bellabot,620015050070163,D4:12:43:B1:02:2C,Gastreet_panorama,2023-02-12 03:38:05,false,1.87,2.25,51
2023-02-12,bellabot,SV1114223233002,20:50:E7:02:C0:F2,Soft-servis,2023-02-12 05:06:20,false,1.39,1.45,23
2023-02-12,bellabot,SV1000212910013,20:50:E7:23:79:E8,Flagman office,2023-02-11 23:58:00,false,0.53,0.57,26
2023-02-12,bellabot,SV1000212652005,20:50:E7:23:B4:80,Sber Univercity,2023-02-12 09:55:07,false,0.58,0.20,8
2023-02-12,bellabot,SV1000213954014,20:50:E7:23:71:74,Ресторан ГрильХаус,2023-02-12 00:03:54,false,0.43,0.42,26
2023-02-12,bellabot,SV1000212910001,20:50:E7:23:3D:AA,Soft-servis,2023-02-12 05:05:45,false,1.40,1.21,122
2023-02-12,bellabot,620019270070278,20:50:E7:02:FD:68,Perchini,2023-02-12 09:30:38,false,0.99,0.92,54
2023-02-12,bellabot,620019240060415,20:50:E7:02:24:2A,Parmesan,2023-02-11 20:58:22,false,3.53,1.74,138
2023-02-12,bellabot,sv1000214017014,20:50:E7:02:EB:0A,Фанджамп Екатеринбург,2023-02-12 07:43:36,false,2.77,3.26,72
2023-02-11,bellabot,SV1000212641025,D4:12:43:C3:D0:88,Chajhana hariba,2023-02-11 11:02:17,false,0.46,0.89,11
2023-02-11,bellabot,SV1114223233001,10:2C:6B:97:C7:FE,Soft-Stend,2023-02-10 22:14:27,false,2.26,1.29,154
2023-02-11,kettybot,PNT102213716158,20:50:E7:02:12:A8,Baltiya Hotel,2023-02-11 04:21:20,false,10.14,0.00,3
2023-02-11,bellabot,620019270070278,20:50:E7:02:FD:68,Perchini,2023-02-11 06:17:05,false,1.22,1.22,65
2023-02-11,bellabot,Sv1000214017008,20:50:E7:23:83:6A,Parmesan,2023-02-10 22:22:09,false,2.13,1.70,115
2023-02-11,bellabot,SV1000211931012,D4:12:43:B0:D5:68,Gastreet_panorama,2023-02-11 17:48:07,false,0.70,0.83,32
2023-02-11,kettybot,PNT102213716170,20:50:E7:02:F3:3E,Neo,2023-02-11 09:41:15,false,0.81,0.54,65
2023-02-11,kettybot,PNT102213716164,20:50:E7:23:69:5C,Parmesan,2023-02-10 23:41:50,false,0.80,0.53,53
2023-02-11,bellabot,SV1000213954014,20:50:E7:23:71:74,Ресторан ГрильХаус,2023-02-11 16:44:46,false,0.75,0.41,35
2023-02-11,bellabot,SV1000214017034,20:50:E7:02:BE:0C,Soft-servis,2023-02-11 12:37:50,false,0.87,1.34,2
2023-02-11,bellabot,SV1001205116386,D4:12:43:BF:63:8E,Firemakers,2023-02-10 22:12:04,false,2.30,2.48,184
2023-02-11,bellabot,SV1000214017015,20:50:E7:02:E4:50,Fun Jump,2023-02-11 09:20:51,false,3.15,3.22,104
2023-02-11,bellabot,sv1000213943015,20:50:E7:23:95:7C,Fun Jump Kazan,2023-02-10 21:56:02,false,2.57,1.64,114
2023-02-11,bellabot,SV1000214017001,20:50:E7:02:7F:10,Динозаврия,2023-02-11 06:11:18,false,1.31,0.85,36
2023-02-11,bellabot,620019240060415,20:50:E7:02:24:2A,Parmesan,2023-02-10 21:20:27,false,3.16,1.65,127
2023-02-11,pudubot,PD9152213661013,20:50:E7:02:D2:28,Санаторий Заполярье,2023-02-11 09:34:42,false,2.92,0.72,3
2023-02-11,bellabot,SV1114223233002,20:50:E7:02:C0:F2,Soft-servis,2023-02-11 03:51:12,false,1.65,1.57,31
2023-02-11,kettybot,PNT102213716159,20:50:E7:23:96:70,Динозаврия,2023-02-11 13:29:51,false,0.00,0.00,1
2023-02-11,bellabot,sv1000214017014,20:50:E7:02:EB:0A,Фанджамп Екатеринбург,2023-02-11 07:50:23,false,2.66,2.84,59
2023-02-11,bellabot,SV1000212652005,20:50:E7:23:B4:80,Sber Univercity,2023-02-11 08:26:33,false,3.06,0.76,29
2023-02-11,bellabot,SV1000212910001,20:50:E7:23:3D:AA,Soft-servis,2023-02-11 05:59:33,false,1.51,1.11,118
2023-02-11,bellabot,SV1000214017031,20:50:E7:03:06:3A,Jango Park,2023-02-11 12:43:48,false,0.77,0.59,36
2023-02-11,bellabot,SV1000214017033,20:50:E7:02:FD:36,Soft-servis,2023-02-11 09:27:42,false,0.04,0.04,5
2023-02-11,bellabot,SV1000212910013,20:50:E7:23:79:E8,Flagman office,2023-02-10 23:54:59,false,0.58,0.46,25
2023-02-11,bellabot,SV1000214017012,D4:12:43:C3:87:66,Soft-servis,2023-02-11 00:27:12,false,0.05,0.02,7
2023-02-11,bellabot,620015050070163,D4:12:43:B1:02:2C,Gastreet_panorama,2023-02-11 01:01:56,false,3.47,3.28,81
2023-02-11,bellabot,sv1000214017022,20:50:E7:02:EB:56,Компот,2023-02-10 22:17:29,false,2.21,1.50,141
2023-02-11,bellabot,SV1000211931010,D4:12:43:B0:E7:9A,Velich,2023-02-11 14:08:12,false,0.36,0.42,26
2023-02-10,pudubot,PD9152212113001,D4:12:43:C4:A3:AA,Gastreet_panorama,2023-02-10 12:24:02,false,0.10,0.06,5
2023-02-10,bellabot,620019270070278,20:50:E7:02:FD:68,Perchini,2023-02-10 08:40:39,false,0.82,0.91,45
2023-02-10,bellabot,SV1000214017015,20:50:E7:02:E4:50,Fun Jump,2023-02-10 11:01:03,false,1.48,1.66,64
2023-02-10,kettybot,PNT102213716159,20:50:E7:23:96:70,Динозаврия,2023-02-10 13:17:30,false,0.21,0.17,9
2023-02-10,bellabot,Sv1000214017008,20:50:E7:23:83:6A,Parmesan,2023-02-09 22:51:35,false,1.64,1.23,70
2023-02-10,bellabot,SV1000213954014,20:50:E7:23:71:74,Ресторан ГрильХаус,2023-02-10 09:51:48,false,0.64,0.57,36
2023-02-10,bellabot,SV1000214017012,D4:12:43:C3:87:66,Soft-servis,2023-02-10 11:24:13,false,0.10,0.07,3
2023-02-10,kettybot,PNT102213716158,20:50:E7:02:12:A8,Baltiya Hotel,2023-02-10 02:24:07,false,10.10,0.00,4
2023-02-10,bellabot,SV1001205116386,D4:12:43:BF:63:8E,Firemakers,2023-02-10 14:20:15,false,1.16,1.27,97
2023-02-10,bellabot,SV1000212910013,20:50:E7:23:79:E8,Flagman office,2023-02-10 14:08:35,false,0.36,0.40,22
2023-02-10,bellabot,SV1000214017034,20:50:E7:02:BE:0C,Soft-servis,2023-02-10 12:02:44,false,0.45,0.67,5
2023-02-10,bellabot,SV1000213954003,20:50:E7:02:87:DA,Soft-servis,2023-02-10 16:26:44,false,0.05,0.06,3
2023-02-10,bellabot,SV1000214017001,20:50:E7:02:7F:10,Динозаврия,2023-02-10 07:43:24,false,1.78,1.20,44
2023-02-10,bellabot,SV1114223233001,10:2C:6B:97:C7:FE,Soft-Stend,2023-02-10 12:49:22,false,1.68,0.73,79
2023-02-10,kettybot,PNT102213716164,20:50:E7:23:69:5C,Parmesan,2023-02-09 23:55:23,false,0.58,0.51,50
2023-02-10,kettybot,PNT102213716170,20:50:E7:02:F3:3E,Neo,2023-02-10 12:55:00,false,0.58,0.38,48
2023-02-10,bellabot,sv1000214017014,20:50:E7:02:EB:0A,Фанджамп Екатеринбург,2023-02-10 08:16:31,false,2.22,2.64,56
2023-02-10,bellabot,SV1114223233002,20:50:E7:02:C0:F2,Soft-servis,2023-02-10 02:59:27,false,1.51,1.49,51
2023-02-10,bellabot,SV1000212652005,20:50:E7:23:B4:80,Sber Univercity,2023-02-10 08:29:41,false,6.01,0.47,13
2023-02-10,bellabot,SV1000214017031,20:50:E7:03:06:3A,Jango Park,2023-02-10 15:11:19,false,0.31,0.29,16
2023-02-10,bellabot,sv1000213943015,20:50:E7:23:95:7C,Fun Jump Kazan,2023-02-10 10:29:29,false,2.01,1.17,84
2023-02-10,bellabot,SV1000212910001,20:50:E7:23:3D:AA,Soft-servis,2023-02-10 06:03:51,false,1.44,1.37,143
2023-02-10,bellabot,sv1000214017022,20:50:E7:02:EB:56,Компот,2023-02-09 23:30:25,false,0.99,0.80,70
2023-02-10,bellabot,SV1000214017033,20:50:E7:02:FD:36,Soft-servis,2023-02-10 09:27:55,false,0.03,0.03,4
2023-02-10,bellabot,620019240060415,20:50:E7:02:24:2A,Parmesan,2023-02-09 21:18:34,false,3.19,1.67,120
2023-02-10,bellabot,620015050070163,D4:12:43:B1:02:2C,Gastreet_panorama,2023-02-10 04:40:45,false,1.82,1.21,28
2023-02-09,bellabot,SV1000212641025,D4:12:43:C3:D0:88,Chajhana hariba,2023-02-09 15:21:02,false,0.15,0.25,2
2023-02-09,bellabot,SV1000213954014,20:50:E7:23:71:74,Ресторан ГрильХаус,2023-02-09 10:24:14,false,0.10,0.14,10
2023-02-09,bellabot,SV1114223233002,20:50:E7:02:C0:F2,Soft-servis,2023-02-09 03:15:11,false,1.25,1.40,37
2023-02-09,kettybot,PNT102213716159,20:50:E7:23:96:70,Динозаврия,2023-02-09 14:28:00,false,0.03,0.03,2
2023-02-09,kettybot,PNT102213716164,20:50:E7:23:69:5C,Parmesan,2023-02-09 00:02:15,false,0.46,0.40,38
2023-02-09,bellabot,SV1000214017033,20:50:E7:02:FD:36,Soft-servis,2023-02-09 09:28:41,false,1.02,1.67,7
2023-02-09,bellabot,sv1000213943015,20:50:E7:23:95:7C,Fun Jump Kazan,2023-02-09 11:21:22,false,0.14,0.12,6
2023-02-09,bellabot,sv1000214017022,20:50:E7:02:EB:56,Компот,2023-02-08 23:49:42,false,0.67,0.52,50
2023-02-09,bellabot,SV1000214017031,20:50:E7:03:06:3A,Jango Park,2023-02-09 18:09:28,false,0.34,0.32,7
2023-02-09,bellabot,620015050070163,D4:12:43:B1:02:2C,Gastreet_panorama,2023-02-09 03:34:29,false,0.93,1.06,24
2023-02-09,bellabot,620019240060415,20:50:E7:02:24:2A,Parmesan,2023-02-08 23:11:05,false,1.32,0.94,58
2023-02-09,bellabot,SV1000212910013,20:50:E7:23:79:E8,Flagman office,2023-02-09 17:17:52,false,0.20,0.15,7
2023-02-09,bellabot,SV1000212910001,20:50:E7:23:3D:AA,Soft-servis,2023-02-09 05:22:25,false,1.13,1.05,105
2023-02-09,bellabot,SV1000214017015,20:50:E7:02:E4:50,Fun Jump,2023-02-09 11:13:24,false,1.28,1.50,52
2023-02-09,kettybot,PNT102213716170,20:50:E7:02:F3:3E,Neo,2023-02-09 11:02:57,false,0.45,0.29,37
2023-02-09,bellabot,SV1001205116386,D4:12:43:BF:63:8E,Firemakers,2023-02-09 09:31:54,false,1.97,2.18,150
2023-02-09,bellabot,SV1000211931009,D4:12:43:B0:F9:56,Gastreet_panorama,2023-02-09 16:24:04,false,0.10,0.15,6
2023-02-09,kettybot,PNT102213716158,20:50:E7:02:12:A8,Baltiya Hotel,2023-02-08 23:57:16,false,11.55,0.00,5
2023-02-09,bellabot,SV1000214017013,20:50:E7:02:BF:E8,АРТ-Премиум,2023-02-09 10:29:21,false,0.01,0.02,2
2023-02-09,bellabot,SV1114223233001,10:2C:6B:97:C7:FE,Soft-Stend,2023-02-09 12:38:57,false,0.85,0.51,63
2023-02-09,bellabot,SV1000214017001,20:50:E7:02:7F:10,Динозаврия,2023-02-09 12:33:08,false,0.95,0.59,18
2023-02-09,bellabot,SV1000214017012,D4:12:43:C3:87:66,Soft-servis,2023-02-09 17:11:33,false,0.31,0.03,6
2023-02-09,bellabot,Sv1000214017008,20:50:E7:23:83:6A,Parmesan,2023-02-08 23:33:25,false,0.94,0.92,49
2023-02-09,pudubot,PD9152212113001,D4:12:43:C4:A3:AA,Gastreet_panorama,2023-02-09 18:29:03,false,0.02,0.01,1
2023-02-09,bellabot,SV1000214017034,20:50:E7:02:BE:0C,Soft-servis,2023-02-09 12:11:22,false,2.31,3.69,4
2023-02-09,bellabot,SV1000211931012,D4:12:43:B0:D5:68,Gastreet_panorama,2023-02-09 00:20:18,false,0.16,0.18,8
2023-02-09,kettybot,PNT002212954049,20:50:E7:23:A8:6A,Агрокомплекс,2023-02-09 18:04:20,false,0.43,0.40,2
2023-02-09,bellabot,sv1000214017014,20:50:E7:02:EB:0A,Фанджамп Екатеринбург,2023-02-09 09:37:54,false,1.87,2.24,45
2023-02-09,kettybot,PNT102213716166,20:50:E7:02:24:CE,Агрокомплекс,2023-02-09 11:52:14,false,7.63,10.18,1
2023-02-09,bellabot,SV1000213954003,20:50:E7:02:87:DA,Soft-servis,2023-02-09 00:26:44,false,0.05,0.08,2
2023-02-09,bellabot,SV1000212652005,20:50:E7:23:B4:80,Sber Univercity,2023-02-09 07:59:29,false,3.51,0.79,29
2023-02-09,bellabot,620019270070278,20:50:E7:02:FD:68,Perchini,2023-02-09 07:46:27,false,0.73,0.76,45
2023-02-08,bellabot,sv1000214017014,20:50:E7:02:EB:0A,Фанджамп Екатеринбург,2023-02-08 09:49:38,false,1.67,2.00,39
2023-02-08,bellabot,SV1114223233001,10:2C:6B:97:C7:FE,Soft-Stend,2023-02-08 11:54:55,false,0.58,0.32,36
2023-02-08,bellabot,SV1000212910013,20:50:E7:23:79:E8,Flagman office,2023-02-08 00:26:39,false,0.06,0.09,5
2023-02-08,bellabot,SV1000213954014,20:50:E7:23:71:74,Ресторан ГрильХаус,2023-02-08 11:11:26,false,0.31,0.39,23
2023-02-08,bellabot,Sv1000214017008,20:50:E7:23:83:6A,Parmesan,2023-02-07 22:48:06,false,1.70,1.67,95
2023-02-08,bellabot,SV1000214017034,20:50:E7:02:BE:0C,Soft-servis,2023-02-08 19:25:54,false,0.07,0.09,3
2023-02-08,kettybot,PNT002212954049,20:50:E7:23:A8:6A,Агрокомплекс,2023-02-08 09:02:47,false,3.45,3.95,5
2023-02-08,bellabot,SV1000214017033,20:50:E7:02:FD:36,Soft-servis,2023-02-08 08:46:53,false,1.72,2.65,8
2023-02-08,bellabot,SV1114223233002,20:50:E7:02:C0:F2,Soft-servis,2023-02-08 07:57:03,false,2.55,1.56,51
2023-02-08,bellabot,SV1000213954003,20:50:E7:02:87:DA,Soft-servis,2023-02-08 12:20:08,false,0.16,0.19,12
2023-02-08,bellabot,SV1000214017013,20:50:E7:02:BF:E8,АРТ-Премиум,2023-02-08 09:29:06,false,0.02,0.02,3
2023-02-08,kettybot,PNT102213716166,20:50:E7:02:24:CE,Агрокомплекс,2023-02-08 08:38:25,false,4.86,5.06,10
2023-02-08,bellabot,620019270070278,20:50:E7:02:FD:68,Perchini,2023-02-08 06:56:14,false,0.56,0.54,27
2023-02-08,kettybot,PNT102213716170,20:50:E7:02:F3:3E,Neo,2023-02-08 09:52:57,false,0.62,0.39,53
2023-02-08,pudubot,PD9152213661013,20:50:E7:02:D2:28,Санаторий Заполярье,2023-02-08 05:59:26,false,4.51,1.19,4
2023-02-08,kettybot,PNT102213716164,20:50:E7:23:69:5C,Parmesan,2023-02-08 00:47:32,false,0.71,0.77,53
2023-02-08,kettybot,PNT102213716159,20:50:E7:23:96:70,Динозаврия,2023-02-08 14:28:25,false,0.03,0.03,1
2023-02-08,bellabot,sv1000213943015,20:50:E7:23:95:7C,Fun Jump Kazan,2023-02-08 11:01:07,false,0.48,0.57,19
2023-02-08,bellabot,620015050070163,D4:12:43:B1:02:2C,Gastreet_panorama,2023-02-08 04:07:34,false,1.37,1.00,24
2023-02-08,bellabot,SV1000214017031,20:50:E7:03:06:3A,Jango Park,2023-02-08 10:21:08,false,0.15,0.17,11
2023-02-08,kettybot,PNT102213716158,20:50:E7:02:12:A8,Baltiya Hotel,2023-02-08 00:18:58,false,11.18,0.00,5
2023-02-08,bellabot,SV1000214017001,20:50:E7:02:7F:10,Динозаврия,2023-02-08 09:56:34,false,0.56,0.55,18
2023-02-08,bellabot,SV1001205116386,D4:12:43:BF:63:8E,Firemakers,2023-02-08 09:52:05,false,1.63,1.92,129
2023-02-08,pudubot,PD9152212113001,D4:12:43:C4:A3:AA,Gastreet_panorama,2023-02-08 15:26:49,false,0.05,0.05,2
2023-02-08,bellabot,sv1000214017022,20:50:E7:02:EB:56,Компот,2023-02-07 23:52:08,false,0.63,0.50,52
2023-02-08,bellabot,SV1000212652005,20:50:E7:23:B4:80,Sber Univercity,2023-02-08 01:41:00,false,8.82,0.89,61
2023-02-08,bellabot,SV1000211931012,D4:12:43:B0:D5:68,Gastreet_panorama,2023-02-08 00:10:06,false,0.33,0.41,24
2023-02-08,bellabot,620019240060415,20:50:E7:02:24:2A,Parmesan,2023-02-07 22:16:11,false,2.23,1.01,67
2023-02-08,kettybot,PNT102213716171,20:50:E7:02:36:F8,Soft-Stend,2023-02-08 08:54:05,false,2.60,3.00,16
2023-02-08,bellabot,SV1000211931009,D4:12:43:B0:F9:56,Gastreet_panorama,2023-02-08 16:21:17,false,0.15,0.12,11
2023-02-08,bellabot,SV1000212910001,20:50:E7:23:3D:AA,Soft-servis,2023-02-08 06:54:50,false,0.59,0.61,60
2023-02-08,bellabot,SV1000214017015,20:50:E7:02:E4:50,Fun Jump,2023-02-08 11:49:40,false,0.67,0.82,34
2023-02-07,bellabot,SV1001205116386,D4:12:43:BF:63:8E,Firemakers,2023-02-07 10:06:16,false,1.40,1.66,109
2023-02-07,bellabot,SV1000214017015,20:50:E7:02:E4:50,Fun Jump,2023-02-07 14:26:56,false,0.05,0.05,5
2023-02-07,bellabot,Sv1000214017008,20:50:E7:23:83:6A,Parmesan,2023-02-06 23:07:13,false,1.38,1.41,86
2023-02-07,bellabot,620019240060415,20:50:E7:02:24:2A,Parmesan,2023-02-06 23:01:44,false,1.47,1.12,80
2023-02-07,pudubot,PD9152212113001,D4:12:43:C4:A3:AA,Gastreet_panorama,2023-02-07 10:09:58,false,0.33,0.20,13
2023-02-07,bellabot,sv1000214017014,20:50:E7:02:EB:0A,Фанджамп Екатеринбург,2023-02-07 09:40:23,false,0.83,1.06,25
2023-02-07,bellabot,sv1000214017022,20:50:E7:02:EB:56,Компот,2023-02-07 10:46:36,false,0.72,0.43,42
2023-02-07,bellabot,SV1000214017001,20:50:E7:02:7F:10,Динозаврия,2023-02-07 08:34:19,false,0.93,0.85,24
2023-02-07,bellabot,SV1000211931009,D4:12:43:B0:F9:56,Gastreet_panorama,2023-02-07 00:22:36,false,0.12,0.06,2
2023-02-07,kettybot,PNT102213716158,20:50:E7:02:12:A8,Baltiya Hotel,2023-02-07 01:06:52,false,12.39,0.00,4
2023-02-07,bellabot,SV1000214017031,20:50:E7:03:06:3A,Jango Park,2023-02-07 17:10:49,false,0.32,0.26,8
2023-02-07,pudubot,PD9152213661013,20:50:E7:02:D2:28,Санаторий Заполярье,2023-02-07 13:24:33,false,2.09,0.47,2
2023-02-07,kettybot,PNT102213716164,20:50:E7:23:69:5C,Parmesan,2023-02-07 14:05:57,false,0.40,0.41,34
2023-02-07,bellabot,SV1000214017012,D4:12:43:C3:87:66,Soft-servis,2023-02-07 10:07:32,false,0.37,0.60,4
2023-02-07,bellabot,SV1000212652005,20:50:E7:23:B4:80,Sber Univercity,2023-02-07 04:45:40,false,5.74,0.46,22
2023-02-07,bellabot,SV1000213954003,20:50:E7:02:87:DA,Soft-servis,2023-02-07 00:25:32,false,0.07,0.06,12
2023-02-07,bellabot,sv1000213943034,20:50:E7:23:56:70,Чайхана PLOV,2023-02-07 00:27:40,false,0.04,0.03,2
2023-02-07,bellabot,620019270070278,20:50:E7:02:FD:68,Perchini,2023-02-07 07:41:06,false,0.82,0.76,43
2023-02-07,bellabot,620015050070163,D4:12:43:B1:02:2C,Gastreet_panorama,2023-02-07 09:51:03,false,0.65,0.77,15
2023-02-07,bellabot,SV1114223233002,20:50:E7:02:C0:F2,Soft-servis,2023-02-07 07:14:28,false,2.26,2.04,48
2023-02-07,bellabot,SV1000211931012,D4:12:43:B0:D5:68,Gastreet_panorama,2023-02-06 23:56:27,false,0.56,0.43,21
2023-02-07,bellabot,SV1000214017033,20:50:E7:02:FD:36,Soft-servis,2023-02-07 08:36:57,false,0.88,1.18,12
2023-02-07,bellabot,SV1114223233001,10:2C:6B:97:C7:FE,Soft-Stend,2023-02-07 08:26:55,false,1.05,0.66,90
2023-02-07,bellabot,SV1000212910013,20:50:E7:23:79:E8,Flagman office,2023-02-07 11:49:08,false,0.68,0.78,42
2023-02-07,kettybot,PNT102213716166,20:50:E7:02:24:CE,Агрокомплекс,2023-02-07 10:41:07,false,1.81,1.20,3
2023-02-07,kettybot,PNT102213716170,20:50:E7:02:F3:3E,Neo,2023-02-07 09:59:32,false,0.51,0.33,41
2023-02-07,kettybot,PNT102213716159,20:50:E7:23:96:70,Динозаврия,2023-02-07 13:26:36,false,0.06,0.05,5
2023-02-07,kettybot,PNT002212954049,20:50:E7:23:A8:6A,Агрокомплекс,2023-02-07 08:24:58,false,3.08,4.26,14
2023-02-07,bellabot,sv1000213943015,20:50:E7:23:95:7C,Fun Jump Kazan,2023-02-07 11:14:53,false,0.25,0.23,9
2023-02-07,kettybot,PNT102213716171,20:50:E7:02:36:F8,Soft-Stend,2023-02-07 09:54:10,false,3.60,2.66,33
2023-02-07,bellabot,SV1000214017013,20:50:E7:02:BF:E8,АРТ-Премиум,2023-02-07 09:22:07,false,0.13,0.10,11
2023-02-07,bellabot,SV1000213954014,20:50:E7:23:71:74,Ресторан ГрильХаус,2023-02-07 09:10:51,false,0.32,0.40,26
2023-02-06,bellabot,Sv1000214017008,20:50:E7:23:83:6A,Parmesan,2023-02-05 22:23:45,false,2.10,1.35,96
2023-02-06,pudubot,PD9152213661013,20:50:E7:02:D2:28,Санаторий Заполярье,2023-02-06 06:01:21,false,4.48,0.34,2
2023-02-06,bellabot,sv1000214017014,20:50:E7:02:EB:0A,Фанджамп Екатеринбург,2023-02-06 10:22:35,false,1.12,1.35,25
2023-02-06,bellabot,SV1000212652005,20:50:E7:23:B4:80,Sber Univercity,2023-02-05 16:03:00,false,8.45,1.05,48
2023-02-06,bellabot,SV1000211931012,D4:12:43:B0:D5:68,Gastreet_panorama,2023-02-06 00:06:26,false,0.39,0.55,22
2023-02-06,bellabot,SV1000214017001,20:50:E7:02:7F:10,Динозаврия,2023-02-06 13:57:55,false,0.53,0.43,11
2023-02-06,bellabot,SV1000211931009,D4:12:43:B0:F9:56,Gastreet_panorama,2023-02-06 00:27:17,false,0.05,0.07,3
2023-02-06,bellabot,sv1000213943015,20:50:E7:23:95:7C,Fun Jump Kazan,2023-02-06 10:13:06,false,1.28,0.79,49
2023-02-06,kettybot,PNT102213716158,20:50:E7:02:12:A8,Baltiya Hotel,2023-02-05 23:18:11,false,12.20,0.01,6
2023-02-06,bellabot,SV1000214017034,20:50:E7:02:BE:0C,Soft-servis,2023-02-06 17:24:46,false,0.09,0.12,4
2023-02-06,bellabot,SV1000212910013,20:50:E7:23:79:E8,Flagman office,2023-02-06 13:48:38,false,0.69,0.89,41
2023-02-06,bellabot,SV1000214017031,20:50:E7:03:06:3A,Jango Park,2023-02-06 14:18:17,false,0.20,0.20,7
2023-02-06,bellabot,SV1000214017015,20:50:E7:02:E4:50,Fun Jump,2023-02-06 14:42:36,false,0.79,0.89,36
2023-02-06,bellabot,620019240060415,20:50:E7:02:24:2A,Parmesan,2023-02-05 22:39:04,false,1.85,1.11,87
2023-02-06,kettybot,PNT102213716171,20:50:E7:02:36:F8,Soft-Stend,2023-02-06 06:27:21,false,5.04,3.91,15
2023-02-06,bellabot,SV1000213954003,20:50:E7:02:87:DA,Soft-servis,2023-02-06 00:26:52,false,0.05,0.03,11
2023-02-06,bellabot,sv1000214017022,20:50:E7:02:EB:56,Компот,2023-02-05 23:45:33,false,0.74,0.61,62
2023-02-06,pudubot,PD9152212113001,D4:12:43:C4:A3:AA,Gastreet_panorama,2023-02-06 10:16:49,false,0.22,0.14,16
2023-02-06,bellabot,SV1000214017033,20:50:E7:02:FD:36,Soft-servis,2023-02-06 09:29:18,false,0.01,0.00,5
2023-02-06,bellabot,620019270070278,20:50:E7:02:FD:68,Perchini,2023-02-06 08:30:59,false,0.98,1.11,49
2023-02-06,kettybot,PNT002212954049,20:50:E7:23:A8:6A,Агрокомплекс,2023-02-06 08:40:00,false,4.83,5.45,21
2023-02-06,bellabot,SV1000213954014,20:50:E7:23:71:74,Ресторан ГрильХаус,2023-02-06 09:53:57,false,0.60,0.63,44
2023-02-06,kettybot,PNT102213716164,20:50:E7:23:69:5C,Parmesan,2023-02-06 00:13:21,false,0.28,0.29,26
2023-02-06,bellabot,SV1000212910001,20:50:E7:23:3D:AA,Soft-servis,2023-02-06 05:58:04,false,1.53,1.13,115
2023-02-06,bellabot,SV1001205116386,D4:12:43:BF:63:8E,Firemakers,2023-02-06 10:03:23,false,1.44,1.64,110
2023-02-06,bellabot,SV1114223233001,10:2C:6B:97:C7:FE,Soft-Stend,2023-02-06 16:06:19,false,0.39,0.22,26
2023-02-06,kettybot,PNT102213716170,20:50:E7:02:F3:3E,Neo,2023-02-06 11:55:08,false,0.58,0.37,47
2023-02-06,bellabot,620015050070163,D4:12:43:B1:02:2C,Gastreet_panorama,2023-02-06 06:32:19,false,0.96,1.30,30
2023-02-06,bellabot,SV1114223233002,20:50:E7:02:C0:F2,Soft-servis,2023-02-06 10:31:40,false,0.97,0.95,23
2023-02-06,kettybot,PNT102213716166,20:50:E7:02:24:CE,Агрокомплекс,2023-02-06 07:38:11,false,4.86,5.16,40
2023-02-06,bellabot,SV1000214017012,D4:12:43:C3:87:66,Soft-servis,2023-02-06 12:23:56,false,1.10,1.75,8
2023-02-05,bellabot,Sv1000214017008,20:50:E7:23:83:6A,Parmesan,2023-02-04 22:09:29,false,2.34,1.79,130
2023-02-05,bellabot,SV1000212910001,20:50:E7:23:3D:AA,Soft-servis,2023-02-05 04:42:07,false,1.80,1.39,141
2023-02-05,pudubot,PD9152212113001,D4:12:43:C4:A3:AA,Gastreet_panorama,2023-02-05 12:13:25,false,0.28,0.15,11
2023-02-05,bellabot,SV1000214017015,20:50:E7:02:E4:50,Fun Jump,2023-02-04 21:48:56,false,2.68,3.04,102
2023-02-05,bellabot,SV1000211931012,D4:12:43:B0:D5:68,Gastreet_panorama,2023-02-05 00:03:20,false,0.44,0.62,19
2023-02-05,bellabot,620019270070278,20:50:E7:02:FD:68,Perchini,2023-02-05 06:48:01,false,0.70,0.68,37
2023-02-05,bellabot,SV1000212652005,20:50:E7:23:B4:80,Sber Univercity,2023-02-05 19:22:46,false,1.12,0.36,15
2023-02-05,bellabot,SV1000214017013,20:50:E7:02:BF:E8,АРТ-Премиум,2023-02-05 09:17:46,false,0.20,0.12,14
2023-02-05,bellabot,SV1000212910013,20:50:E7:23:79:E8,Flagman office,2023-02-05 16:14:48,false,0.25,0.27,12
2023-02-05,bellabot,SV1114223233002,20:50:E7:02:C0:F2,Soft-servis,2023-02-05 04:41:58,false,0.80,0.51,18
2023-02-05,bellabot,SV1000213954014,20:50:E7:23:71:74,Ресторан ГрильХаус,2023-02-05 10:25:03,false,0.08,0.11,7
2023-02-05,bellabot,sv1000213943015,20:50:E7:23:95:7C,Fun Jump Kazan,2023-02-05 11:23:59,false,1.10,0.71,31
2023-02-05,bellabot,620019240060415,20:50:E7:02:24:2A,Parmesan,2023-02-04 21:04:26,false,3.43,1.86,142
2023-02-05,kettybot,PNT102213716164,20:50:E7:23:69:5C,Parmesan,2023-02-04 23:13:13,false,1.28,1.09,76
2023-02-05,kettybot,PNT102213716158,20:50:E7:02:12:A8,Baltiya Hotel,2023-02-05 08:04:49,false,4.42,0.05,21
2023-02-05,bellabot,SV1001205116386,D4:12:43:BF:63:8E,Firemakers,2023-02-05 10:29:59,false,2.00,2.36,157
2023-02-05,bellabot,SV1000213954003,20:50:E7:02:87:DA,Soft-servis,2023-02-05 11:49:58,false,0.67,0.17,19
2023-02-05,kettybot,PNT102213716170,20:50:E7:02:F3:3E,Neo,2023-02-05 09:21:44,false,1.14,0.71,90
2023-02-05,bellabot,sv1000214017022,20:50:E7:02:EB:56,Компот,2023-02-05 08:56:20,false,1.56,1.22,120
2023-02-05,bellabot,SV1000212641025,D4:12:43:C3:D0:88,Chajhana hariba,2023-02-05 10:03:08,false,0.45,0.91,3
2023-02-05,pudubot,PD9152213661013,20:50:E7:02:D2:28,Санаторий Заполярье,2023-02-05 10:55:06,false,1.58,0.36,1
2023-02-05,bellabot,sv1000214017014,20:50:E7:02:EB:0A,Фанджамп Екатеринбург,2023-02-05 07:58:39,false,2.52,2.95,71
2023-02-05,bellabot,SV1000211931010,D4:12:43:B0:E7:9A,Velich,2023-02-05 00:28:58,false,0.02,0.02,2
2023-02-05,bellabot,SV1114223233001,10:2C:6B:97:C7:FE,Soft-Stend,2023-02-05 09:19:03,false,2.18,1.28,166
2023-02-05,bellabot,SV1000211931009,D4:12:43:B0:F9:56,Gastreet_panorama,2023-02-05 00:23:59,false,0.10,0.14,7
2023-02-05,bellabot,SV1000214017001,20:50:E7:02:7F:10,Динозаврия,2023-02-05 09:06:46,false,0.39,0.40,12
2023-02-05,bellabot,SV1000214017033,20:50:E7:02:FD:36,Soft-servis,2023-02-05 10:11:16,false,1.31,1.93,2
2023-02-05,bellabot,SV1000214017031,20:50:E7:03:06:3A,Jango Park,2023-02-05 13:49:43,false,0.67,0.58,17
2023-02-05,bellabot,SV1000214017012,D4:12:43:C3:87:66,Soft-servis,2023-02-05 10:04:14,false,0.43,0.38,9
2023-02-05,bellabot,620015050070163,D4:12:43:B1:02:2C,Gastreet_panorama,2023-02-05 02:10:16,false,2.33,2.74,63
2023-02-04,bellabot,SV1000211931010,D4:12:43:B0:E7:9A,Velich,2023-02-04 00:13:45,false,0.27,0.29,18
2023-02-04,bellabot,SV1000214017001,20:50:E7:02:7F:10,Динозаврия,2023-02-04 07:01:23,false,1.48,0.98,39
2023-02-04,bellabot,SV1000211931012,D4:12:43:B0:D5:68,Gastreet_panorama,2023-02-04 02:33:21,false,0.94,1.20,49
2023-02-04,bellabot,SV1000212652005,20:50:E7:23:B4:80,Sber Univercity,2023-02-04 08:31:19,false,1.98,0.15,6
2023-02-04,bellabot,SV1114223233001,10:2C:6B:97:C7:FE,Soft-Stend,2023-02-04 09:53:56,false,1.60,1.06,132
2023-02-04,bellabot,SV1000212910001,20:50:E7:23:3D:AA,Soft-servis,2023-02-04 06:04:59,false,1.42,1.21,122
2023-02-04,bellabot,SV1000213954003,20:50:E7:02:87:DA,Soft-servis,2023-02-04 00:09:25,false,0.34,0.33,20
2023-02-04,bellabot,SV1000214017015,20:50:E7:02:E4:50,Fun Jump,2023-02-04 08:55:21,false,3.58,3.26,96
2023-02-04,bellabot,SV1000212910013,20:50:E7:23:79:E8,Flagman office,2023-02-04 23:27:39,false,0.04,0.05,3
2023-02-04,bellabot,SV1000214017031,20:50:E7:03:06:3A,Jango Park,2023-02-04 12:58:54,false,0.52,0.42,15
2023-02-04,bellabot,SV1000214017012,D4:12:43:C3:87:66,Soft-servis,2023-02-04 18:55:32,false,0.57,0.43,17
2023-02-04,bellabot,SV1000213954014,20:50:E7:23:71:74,Ресторан ГрильХаус,2023-02-04 10:39:53,false,0.84,0.77,50
2023-02-04,kettybot,PNT102213716164,20:50:E7:23:69:5C,Parmesan,2023-02-03 23:53:48,false,0.60,0.50,42
2023-02-04,bellabot,SV1114223233002,20:50:E7:02:C0:F2,Soft-servis,2023-02-04 05:02:34,false,1.46,0.92,31
2023-02-04,bellabot,sv1000214017014,20:50:E7:02:EB:0A,Фанджамп Екатеринбург,2023-02-04 07:50:47,false,2.65,3.22,68
2023-02-04,bellabot,620019240060415,20:50:E7:02:24:2A,Parmesan,2023-02-03 22:16:45,false,2.22,1.44,110
2023-02-04,pudubot,PD9152212113001,D4:12:43:C4:A3:AA,Gastreet_panorama,2023-02-04 23:26:23,false,0.06,0.05,2
2023-02-04,kettybot,PNT102213716159,20:50:E7:23:96:70,Динозаврия,2023-02-04 08:05:34,false,0.41,0.12,13
2023-02-04,bellabot,SV1000214017013,20:50:E7:02:BF:E8,АРТ-Премиум,2023-02-04 09:04:43,false,0.42,0.39,32
2023-02-04,bellabot,SV1000212641025,D4:12:43:C3:D0:88,Chajhana hariba,2023-02-04 11:26:08,false,0.06,0.06,4
2023-02-04,bellabot,sv1000214017022,20:50:E7:02:EB:56,Компот,2023-02-03 22:36:05,false,1.90,1.17,131
2023-02-04,kettybot,PNT102213716170,20:50:E7:02:F3:3E,Neo,2023-02-04 09:30:12,false,1.00,0.64,81
2023-02-04,bellabot,SV1000214017033,20:50:E7:02:FD:36,Soft-servis,2023-02-04 10:52:41,false,2.62,4.53,4
2023-02-04,bellabot,Sv1000214017008,20:50:E7:23:83:6A,Parmesan,2023-02-04 11:53:56,false,1.60,1.14,83
2023-02-04,bellabot,620015050070163,D4:12:43:B1:02:2C,Gastreet_panorama,2023-02-04 03:41:54,false,2.80,3.23,72
2023-02-04,kettybot,PNT102213716158,20:50:E7:02:12:A8,Baltiya Hotel,2023-02-03 12:14:50,false,12.25,0.00,5
2023-02-04,bellabot,sv1000213943015,20:50:E7:23:95:7C,Fun Jump Kazan,2023-02-03 22:18:20,false,2.19,1.44,94
2023-02-04,pudubot,PD9152213661013,20:50:E7:02:D2:28,Санаторий Заполярье,2023-02-04 07:05:47,false,4.40,1.11,5
2023-02-04,bellabot,SV1000211931009,D4:12:43:B0:F9:56,Gastreet_panorama,2023-02-04 00:07:46,false,0.37,0.26,27
2023-02-04,bellabot,620019270070278,20:50:E7:02:FD:68,Perchini,2023-02-04 07:32:00,false,0.97,0.88,49
2023-02-04,bellabot,SV1001205116386,D4:12:43:BF:63:8E,Firemakers,2023-02-03 22:53:17,false,1.61,1.69,138
2023-02-03,bellabot,SV1000212910001,20:50:E7:23:3D:AA,Soft-servis,2023-02-03 06:12:34,false,1.29,1.17,113
2023-02-03,bellabot,SV1000212641025,D4:12:43:C3:D0:88,Chajhana hariba,2023-02-03 15:27:07,false,0.05,0.02,2
2023-02-03,bellabot,SV1000213954003,20:50:E7:02:87:DA,Soft-servis,2023-02-02 23:57:24,false,0.54,0.59,33
2023-02-03,bellabot,sv1000214017022,20:50:E7:02:EB:56,Компот,2023-02-02 23:41:12,false,0.81,0.56,63
2023-02-03,bellabot,620015050070163,D4:12:43:B1:02:2C,Gastreet_panorama,2023-02-03 04:19:07,false,1.18,1.73,39
2023-02-03,bellabot,SV1000214017015,20:50:E7:02:E4:50,Fun Jump,2023-02-03 11:35:11,false,1.91,2.37,87
2023-02-03,bellabot,SV1001205116386,D4:12:43:BF:63:8E,Firemakers,2023-02-03 09:37:35,false,1.87,2.16,138
2023-02-03,bellabot,SV1000212652005,20:50:E7:23:B4:80,Sber Univercity,2023-02-03 11:25:17,false,3.08,0.18,28
2023-02-03,bellabot,SV1000211931009,D4:12:43:B0:F9:56,Gastreet_panorama,2023-02-03 14:18:06,false,0.20,0.27,12
2023-02-03,bellabot,SV1000214017001,20:50:E7:02:7F:10,Динозаврия,2023-02-03 10:38:07,false,0.86,0.71,23
2023-02-03,kettybot,PNT102213716158,20:50:E7:02:12:A8,Baltiya Hotel,2023-02-02 14:53:23,false,10.61,0.00,9
2023-02-03,bellabot,SV1114223233002,20:50:E7:02:C0:F2,Soft-servis,2023-02-03 16:22:31,false,0.12,0.13,6
2023-02-03,bellabot,SV1000212910013,20:50:E7:23:79:E8,Flagman office,2023-02-03 00:04:14,false,0.43,0.41,25
2023-02-03,bellabot,SV1000213954014,20:50:E7:23:71:74,Ресторан ГрильХаус,2023-02-03 10:03:49,false,0.44,0.46,28
2023-02-03,kettybot,PNT102213716164,20:50:E7:23:69:5C,Parmesan,2023-02-03 00:50:47,false,0.65,0.48,44
2023-02-03,bellabot,SV1000211931010,D4:12:43:B0:E7:9A,Velich,2023-02-03 18:18:07,false,0.20,0.21,12
2023-02-03,bellabot,SV1000214017013,20:50:E7:02:BF:E8,АРТ-Премиум,2023-02-03 09:29:05,false,0.02,0.02,3
2023-02-03,bellabot,Sv1000214017008,20:50:E7:23:83:6A,Parmesan,2023-02-02 22:37:48,false,1.87,1.76,112
2023-02-03,bellabot,SV1000214017034,20:50:E7:02:BE:0C,Soft-servis,2023-02-03 14:28:33,false,0.02,0.03,1
2023-02-03,bellabot,sv1000214017014,20:50:E7:02:EB:0A,Фанджамп Екатеринбург,2023-02-03 08:29:42,false,2.00,2.46,39
2023-02-03,bellabot,620019270070278,20:50:E7:02:FD:68,Perchini,2023-02-03 06:41:06,false,0.82,0.88,43
2023-02-03,bellabot,SV1000214017031,20:50:E7:03:06:3A,Jango Park,2023-02-03 17:03:06,false,0.45,0.38,15
2023-02-03,bellabot,sv1000213943015,20:50:E7:23:95:7C,Fun Jump Kazan,2023-02-03 09:59:32,false,1.51,0.95,46
2023-02-03,bellabot,SV1000214017012,D4:12:43:C3:87:66,Soft-servis,2023-02-03 16:50:35,false,0.66,0.90,5
2023-02-03,bellabot,sv1000213943034,20:50:E7:23:56:70,Чайхана PLOV,2023-02-03 15:21:16,false,0.15,0.16,8
2023-02-03,bellabot,620019240060415,20:50:E7:02:24:2A,Parmesan,2023-02-02 21:16:40,false,3.22,1.51,116
2023-02-03,bellabot,SV1000211931012,D4:12:43:B0:D5:68,Gastreet_panorama,2023-02-02 23:39:52,false,0.84,1.00,37
2023-02-03,kettybot,PNT102213716159,20:50:E7:23:96:70,Динозаврия,2023-02-03 14:28:46,false,0.02,0.03,2
2023-02-03,bellabot,SV1000214017033,20:50:E7:02:FD:36,Soft-servis,2023-02-03 09:29:27,false,0.01,0.00,4
2023-02-03,kettybot,PNT102213716170,20:50:E7:02:F3:3E,Neo,2023-02-03 11:51:57,false,0.63,0.36,41
2023-02-03,bellabot,SV1114223233001,10:2C:6B:97:C7:FE,Soft-Stend,2023-02-03 09:05:48,false,0.40,0.27,32
2023-02-03,pudubot,PD9152212113001,D4:12:43:C4:A3:AA,Gastreet_panorama,2023-02-03 19:28:18,false,0.03,0.02,1
2023-02-02,bellabot,SV1000212910001,20:50:E7:23:3D:AA,Soft-servis,2023-02-02 06:36:24,false,0.89,0.79,74
2023-02-02,kettybot,PNT102213716158,20:50:E7:02:12:A8,Baltiya Hotel,2023-02-02 08:35:17,false,6.91,0.06,10
2023-02-02,bellabot,sv1000214017014,20:50:E7:02:EB:0A,Фанджамп Екатеринбург,2023-02-02 10:37:57,false,1.87,0.83,37
2023-02-02,bellabot,SV1114223233002,20:50:E7:02:C0:F2,Soft-servis,2023-02-02 12:53:26,false,0.61,0.71,12
2023-02-02,bellabot,SV1000212910013,20:50:E7:23:79:E8,Flagman office,2023-02-02 16:15:03,false,0.25,0.31,14
2023-02-02,bellabot,620019240060415,20:50:E7:02:24:2A,Parmesan,2023-02-01 22:52:35,false,1.62,1.65,104
2023-02-02,pudubot,PD9152213661013,20:50:E7:02:D2:28,Санаторий Заполярье,2023-02-02 10:26:50,false,0.05,0.03,1
2023-02-02,bellabot,SV1000213954003,20:50:E7:02:87:DA,Soft-servis,2023-02-02 11:17:03,false,0.22,0.23,18
2023-02-02,bellabot,SV1001205116386,D4:12:43:BF:63:8E,Firemakers,2023-02-02 11:02:20,false,1.46,1.76,111
2023-02-02,bellabot,SV1000211931012,D4:12:43:B0:D5:68,Gastreet_panorama,2023-02-02 11:18:33,false,0.19,0.25,13
2023-02-02,bellabot,SV1000211931009,D4:12:43:B0:F9:56,Gastreet_panorama,2023-02-02 00:24:10,false,0.10,0.10,9
2023-02-02,bellabot,SV1114223233001,10:2C:6B:97:C7:FE,Soft-Stend,2023-02-02 13:34:28,false,0.93,0.52,68
2023-02-02,bellabot,SV1000214017033,20:50:E7:02:FD:36,Soft-servis,2023-02-02 09:29:38,false,0.01,0.00,1
2023-02-02,kettybot,PNT102213716164,20:50:E7:23:69:5C,Parmesan,2023-02-02 00:05:03,false,0.42,0.48,34
2023-02-02,kettybot,PNT102213716159,20:50:E7:23:96:70,Динозаврия,2023-02-02 11:21:09,false,0.15,0.14,11
2023-02-02,bellabot,SV1000211931010,D4:12:43:B0:E7:9A,Velich,2023-02-02 00:26:25,false,0.06,0.06,4
2023-02-02,bellabot,SV1000214017001,20:50:E7:02:7F:10,Динозаврия,2023-02-02 09:25:18,false,1.08,0.80,28
2023-02-02,bellabot,sv1000213943034,20:50:E7:23:56:70,Чайхана PLOV,2023-02-02 01:20:21,false,0.16,0.16,6
2023-02-02,pudubot,PD9152212113001,D4:12:43:C4:A3:AA,Gastreet_panorama,2023-02-02 15:21:13,false,0.15,0.08,13
2023-02-02,bellabot,620015050070163,D4:12:43:B1:02:2C,Gastreet_panorama,2023-02-02 03:11:49,false,1.30,1.72,29
2023-02-02,bellabot,sv1000213943015,20:50:E7:23:95:7C,Fun Jump Kazan,2023-02-02 11:02:14,false,0.46,0.42,17
2023-02-02,bellabot,SV1000214017013,20:50:E7:02:BF:E8,АРТ-Премиум,2023-02-02 16:56:06,false,0.56,0.13,6
2023-02-02,pudubot,PD9152213661023,20:50:E7:02:AC:9C,Soft-Stend,2023-02-02 13:27:18,false,0.04,0.01,6
2023-02-02,bellabot,Sv1000214017008,20:50:E7:23:83:6A,Parmesan,2023-02-02 13:33:06,false,0.95,0.89,63
2023-02-02,bellabot,SV1000213954014,20:50:E7:23:71:74,Ресторан ГрильХаус,2023-02-02 10:20:15,false,0.16,0.19,12
2023-02-02,bellabot,sv1000214017022,20:50:E7:02:EB:56,Компот,2023-02-01 23:52:03,false,0.63,0.51,49
2023-02-02,kettybot,PNT102213716170,20:50:E7:02:F3:3E,Neo,2023-02-02 09:55:23,false,0.58,0.36,47
2023-02-02,bellabot,620019270070278,20:50:E7:02:FD:68,Perchini,2023-02-02 05:37:29,false,0.88,0.92,46
2023-02-02,bellabot,SV1000214017031,20:50:E7:03:06:3A,Jango Park,2023-02-02 20:14:58,false,0.25,0.21,5
2023-02-02,bellabot,SV1000214017015,20:50:E7:02:E4:50,Fun Jump,2023-02-02 14:18:28,false,1.19,1.56,46
2023-02-02,bellabot,SV1000212652005,20:50:E7:23:B4:80,Sber Univercity,2023-02-02 04:31:39,false,4.97,0.66,25
2023-02-01,bellabot,620019270070278,20:50:E7:02:FD:68,Perchini,2023-02-01 08:32:54,false,0.95,0.97,52
2023-02-01,bellabot,sv1000214017022,20:50:E7:02:EB:56,Компот,2023-02-01 11:36:10,false,0.90,0.63,58
2023-02-01,bellabot,SV1000213954003,20:50:E7:02:87:DA,Soft-servis,2023-02-01 16:15:23,false,0.24,0.00,5
2023-02-01,kettybot,PNT102213716164,20:50:E7:23:69:5C,Parmesan,2023-02-01 00:07:55,false,0.37,0.45,31
2023-02-01,bellabot,SV1114223233001,10:2C:6B:97:C7:FE,Soft-Stend,2023-02-01 10:47:04,false,0.72,0.45,57
2023-02-01,bellabot,SV1001205116386,D4:12:43:BF:63:8E,Firemakers,2023-02-01 09:30:03,false,2.00,2.40,155
2023-02-01,bellabot,SV1000211931012,D4:12:43:B0:D5:68,Gastreet_panorama,2023-02-01 00:11:58,false,0.30,0.33,19
2023-02-01,bellabot,SV1000212910013,20:50:E7:23:79:E8,Flagman office,2023-02-01 12:16:57,false,0.22,0.24,19
2023-02-01,bellabot,620019240060415,20:50:E7:02:24:2A,Parmesan,2023-01-31 22:32:11,false,1.96,1.14,102
2023-02-01,bellabot,SV1000214017013,20:50:E7:02:BF:E8,АРТ-Премиум,2023-02-01 13:26:30,false,0.06,0.08,6
2023-02-01,bellabot,sv1000214017014,20:50:E7:02:EB:0A,Фанджамп Екатеринбург,2023-02-01 09:41:59,false,0.80,0.97,21
2023-02-01,pudubot,PD9152213661013,20:50:E7:02:D2:28,Санаторий Заполярье,2023-02-01 10:24:12,false,0.10,0.04,1
2023-02-01,kettybot,PNT102213716170,20:50:E7:02:F3:3E,Neo,2023-02-01 09:39:14,false,0.85,0.54,69
2023-02-01,bellabot,SV1000214017012,D4:12:43:C3:87:66,Soft-servis,2023-02-01 19:14:26,false,0.26,0.08,3
2023-02-01,bellabot,SV1000212910001,20:50:E7:23:3D:AA,Soft-servis,2023-02-01 06:32:51,false,0.95,0.89,85
2023-02-01,bellabot,sv1000213943034,20:50:E7:23:56:70,Чайхана PLOV,2023-02-01 00:13:35,false,0.27,0.24,11
2023-02-01,pudubot,PD9152212113001,D4:12:43:C4:A3:AA,Gastreet_panorama,2023-02-01 13:26:44,false,0.05,0.04,5
2023-02-01,bellabot,SV1000214017015,20:50:E7:02:E4:50,Fun Jump,2023-02-01 12:08:15,false,0.36,0.47,9
2023-02-01,bellabot,Sv1000214017008,20:50:E7:23:83:6A,Parmesan,2023-02-01 00:28:39,false,0.02,0.05,1
2023-02-01,bellabot,SV1000212641025,D4:12:43:C3:D0:88,Chajhana hariba,2023-02-01 16:27:49,false,0.04,0.04,3
2023-02-01,bellabot,SV1000213954014,20:50:E7:23:71:74,Ресторан ГрильХаус,2023-02-01 00:24:51,false,0.09,0.05,6
2023-02-01,bellabot,SV1000212652005,20:50:E7:23:B4:80,Sber Univercity,2023-02-01 06:16:32,false,4.22,1.16,54
2023-02-01,bellabot,sv1000213943015,20:50:E7:23:95:7C,Fun Jump Kazan,2023-02-01 12:03:24,false,0.44,0.35,20
2023-02-01,bellabot,SV1000211931009,D4:12:43:B0:F9:56,Gastreet_panorama,2023-02-01 15:24:01,false,0.10,0.06,8
2023-02-01,bellabot,SV1000211931010,D4:12:43:B0:E7:9A,Velich,2023-02-01 17:23:34,false,0.11,0.11,7
2023-02-01,bellabot,SV1000214017031,20:50:E7:03:06:3A,Jango Park,2023-02-01 17:09:39,false,0.34,0.35,10
2023-02-01,bellabot,SV1000214017033,20:50:E7:02:FD:36,Soft-servis,2023-02-01 08:19:33,false,3.17,5.13,7
2023-02-01,bellabot,SV1000214017001,20:50:E7:02:7F:10,Динозаврия,2023-02-01 11:38:58,false,0.85,0.48,15
2023-02-01,bellabot,620015050070163,D4:12:43:B1:02:2C,Gastreet_panorama,2023-02-01 04:27:12,false,1.05,0.80,23
2023-02-01,kettybot,PNT102213716158,20:50:E7:02:12:A8,Baltiya Hotel,2023-02-01 01:22:39,false,12.12,0.00,2
