Time,Store name,Product name,PID,robotMAC,Activated on,unbound,Interactive Visits,Number of voice interactions,Voice interaction time(h)
2023-02-28,Parmesan,bellabot,620019240060415,20:50:E7:02:24:2A,2022-01-21 06:58:37,false,16,0,0.00
2023-02-28,Soft-servis,bellabot,SV1000212910001,20:50:E7:23:3D:AA,2021-09-14 10:48:45,false,5,0,0.00
2023-02-28,Baltiya Hotel,kettybot,PNT102213716158,20:50:E7:02:12:A8,2022-02-03 06:43:09,false,0,0,0.00
2023-02-28,Jango Park,bellabot,SV1000214017031,20:50:E7:03:06:3A,2021-12-30 08:37:16,false,3,0,0.00
2023-02-28,Компот,bellabot,sv1000214017022,20:50:E7:02:EB:56,2022-04-26 23:06:13,false,5,0,0.00
2023-02-28,Soft-Stend,bellabot,sv1114223233003,20:50:E7:39:7C:16,2022-10-05 07:15:36,false,24,0,0.00
2023-02-28,Fun Jump,bellabot,SV1000214017015,20:50:E7:02:E4:50,2022-02-02 11:11:06,false,14,0,0.00
2023-02-28,Ресторан ГрильХаус,bellabot,SV1000213954014,20:50:E7:23:71:74,2022-08-10 02:48:17,false,2,0,0.00
2023-02-28,Firemakers,bellabot,SV1001205116386,D4:12:43:BF:63:8E,2021-11-22 09:15:51,false,78,0,0.00
2023-02-28,Parmesan,bellabot,Sv1000214017008,20:50:E7:23:83:6A,2022-01-17 06:49:56,false,32,1,0.00
2023-02-27,Baltiya Hotel,kettybot,PNT102213716158,20:50:E7:02:12:A8,2022-02-03 06:43:09,false,0,0,0.00
2023-02-27,Soft-Stend,bellabot,SV1114223233001,10:2C:6B:97:C7:FE,2022-10-05 08:05:24,false,4,0,0.00
2023-02-27,Ресторан ГрильХаус,bellabot,SV1000213954014,20:50:E7:23:71:74,2022-08-10 02:48:17,false,6,0,0.00
2023-02-27,Jango Park,bellabot,SV1000214017031,20:50:E7:03:06:3A,2021-12-30 08:37:16,false,22,0,0.00
2023-02-27,Компот,bellabot,sv1000214017022,20:50:E7:02:EB:56,2022-04-26 23:06:13,false,9,0,0.00
2023-02-27,Parmesan,bellabot,Sv1000214017008,20:50:E7:23:83:6A,2022-01-17 06:49:56,false,18,1,0.00
2023-02-27,Soft-Stend,bellabot,sv1114223233003,20:50:E7:39:7C:16,2022-10-05 07:15:36,false,9,0,0.00
2023-02-27,Parmesan,bellabot,620019240060415,20:50:E7:02:24:2A,2022-01-21 06:58:37,false,8,1,0.00
2023-02-27,Firemakers,bellabot,SV1001205116386,D4:12:43:BF:63:8E,2021-11-22 09:15:51,false,28,0,0.00
2023-02-27,Soft-servis,bellabot,SV1000212910001,20:50:E7:23:3D:AA,2021-09-14 10:48:45,false,16,0,0.00
2023-02-27,Fun Jump,bellabot,SV1000214017015,20:50:E7:02:E4:50,2022-02-02 11:11:06,false,3,0,0.00
2023-02-26,Parmesan,bellabot,620019240060415,20:50:E7:02:24:2A,2022-01-21 06:58:37,false,57,1,0.00
2023-02-26,Firemakers,bellabot,SV1001205116386,D4:12:43:BF:63:8E,2021-11-22 09:15:51,false,24,0,0.00
2023-02-26,Soft-Stend,bellabot,SV1114223233001,10:2C:6B:97:C7:FE,2022-10-05 08:05:24,false,11,0,0.00
2023-02-26,Soft-Stend,bellabot,sv1114223233003,20:50:E7:39:7C:16,2022-10-05 07:15:36,false,15,0,0.00
2023-02-26,Parmesan,bellabot,Sv1000214017008,20:50:E7:23:83:6A,2022-01-17 06:49:56,false,96,0,0.00
2023-02-26,Jango Park,bellabot,SV1000214017031,20:50:E7:03:06:3A,2021-12-30 08:37:16,false,1,0,0.00
2023-02-26,Fun Jump,bellabot,SV1000214017015,20:50:E7:02:E4:50,2022-02-02 11:11:06,false,34,0,0.00
2023-02-26,Baltiya Hotel,kettybot,PNT102213716158,20:50:E7:02:12:A8,2022-02-03 06:43:09,false,0,0,0.00
2023-02-26,Soft-servis,bellabot,SV1000212910001,20:50:E7:23:3D:AA,2021-09-14 10:48:45,false,8,0,0.00
2023-02-26,Ресторан ГрильХаус,bellabot,SV1000213954014,20:50:E7:23:71:74,2022-08-10 02:48:17,false,5,1,0.00
2023-02-25,Parmesan,bellabot,620019240060415,20:50:E7:02:24:2A,2022-01-21 06:58:37,false,62,1,0.00
2023-02-25,Firemakers,bellabot,SV1001205116386,D4:12:43:BF:63:8E,2021-11-22 09:15:51,false,69,0,0.00
2023-02-25,Soft-Stend,bellabot,SV1114223233001,10:2C:6B:97:C7:FE,2022-10-05 08:05:24,false,28,0,0.00
2023-02-25,Ресторан ГрильХаус,bellabot,SV1000213954014,20:50:E7:23:71:74,2022-08-10 02:48:17,false,16,0,0.00
2023-02-25,Fun Jump,bellabot,SV1000214017015,20:50:E7:02:E4:50,2022-02-02 11:11:06,false,50,0,0.00
2023-02-25,Soft-servis,bellabot,SV1000212910001,20:50:E7:23:3D:AA,2021-09-14 10:48:45,false,26,0,0.00
2023-02-25,Parmesan,bellabot,Sv1000214017008,20:50:E7:23:83:6A,2022-01-17 06:49:56,false,89,0,0.00
2023-02-25,Компот,bellabot,sv1000214017022,20:50:E7:02:EB:56,2022-04-26 23:06:13,false,54,0,0.00
2023-02-25,Soft-Stend,bellabot,sv1114223233003,20:50:E7:39:7C:16,2022-10-05 07:15:36,false,38,0,0.00
2023-02-25,Jango Park,bellabot,SV1000214017031,20:50:E7:03:06:3A,2021-12-30 08:37:16,false,1,0,0.00
2023-02-24,Jango Park,bellabot,SV1000214017031,20:50:E7:03:06:3A,2021-12-30 08:37:16,false,2,0,0.00
2023-02-24,Soft-Stend,bellabot,SV1114223233001,10:2C:6B:97:C7:FE,2022-10-05 08:05:24,false,28,1,0.00
2023-02-24,Soft-Stend,bellabot,sv1114223233003,20:50:E7:39:7C:16,2022-10-05 07:15:36,false,128,0,0.00
2023-02-24,Parmesan,bellabot,620019240060415,20:50:E7:02:24:2A,2022-01-21 06:58:37,false,57,1,0.00
2023-02-24,Компот,bellabot,sv1000214017022,20:50:E7:02:EB:56,2022-04-26 23:06:13,false,11,0,0.00
2023-02-24,Firemakers,bellabot,SV1001205116386,D4:12:43:BF:63:8E,2021-11-22 09:15:51,false,114,0,0.00
2023-02-24,Soft-servis,bellabot,SV1000212910001,20:50:E7:23:3D:AA,2021-09-14 10:48:45,false,29,0,0.00
2023-02-24,Parmesan,bellabot,Sv1000214017008,20:50:E7:23:83:6A,2022-01-17 06:49:56,false,33,0,0.00
2023-02-24,Fun Jump,bellabot,SV1000214017015,20:50:E7:02:E4:50,2022-02-02 11:11:06,false,17,0,0.00
2023-02-24,Ресторан ГрильХаус,bellabot,SV1000213954014,20:50:E7:23:71:74,2022-08-10 02:48:17,false,13,1,0.00
2023-02-24,Baltiya Hotel,kettybot,PNT102213716158,20:50:E7:02:12:A8,2022-02-03 06:43:09,false,0,0,0.00
2023-02-23,Parmesan,bellabot,Sv1000214017008,20:50:E7:23:83:6A,2022-01-17 06:49:56,false,21,0,0.00
2023-02-23,Ресторан ГрильХаус,bellabot,SV1000213954014,20:50:E7:23:71:74,2022-08-10 02:48:17,false,11,0,0.00
2023-02-23,Soft-Stend,bellabot,sv1114223233003,20:50:E7:39:7C:16,2022-10-05 07:15:36,false,82,0,0.00
2023-02-23,Компот,bellabot,sv1000214017022,20:50:E7:02:EB:56,2022-04-26 23:06:13,false,10,4,0.00
2023-02-23,Soft-servis,bellabot,SV1000212910001,20:50:E7:23:3D:AA,2021-09-14 10:48:45,false,31,0,0.00
2023-02-23,Soft-servis,kettybot,PNT102213716165,20:50:E7:02:36:E0,2023-01-17 14:08:17,false,0,0,0.00
2023-02-23,Soft-Stend,bellabot,SV1114223233001,10:2C:6B:97:C7:FE,2022-10-05 08:05:24,false,33,0,0.00
2023-02-23,Parmesan,bellabot,620019240060415,20:50:E7:02:24:2A,2022-01-21 06:58:37,false,31,2,0.00
2023-02-23,Firemakers,bellabot,SV1001205116386,D4:12:43:BF:63:8E,2021-11-22 09:15:51,false,103,0,0.00
2023-02-23,Fun Jump,bellabot,SV1000214017015,20:50:E7:02:E4:50,2022-02-02 11:11:06,false,63,0,0.00
2023-02-23,Jango Park,bellabot,SV1000214017031,20:50:E7:03:06:3A,2021-12-30 08:37:16,false,1,0,0.00
2023-02-22,Parmesan,bellabot,Sv1000214017008,20:50:E7:23:83:6A,2022-01-17 06:49:56,false,32,0,0.00
2023-02-22,Firemakers,bellabot,SV1001205116386,D4:12:43:BF:63:8E,2021-11-22 09:15:51,false,84,0,0.00
2023-02-22,Soft-servis,kettybot,PNT102213716165,20:50:E7:02:36:E0,2023-01-17 14:08:17,false,2,50,0.06
2023-02-22,Parmesan,bellabot,620019240060415,20:50:E7:02:24:2A,2022-01-21 06:58:37,false,15,0,0.00
2023-02-22,Jango Park,bellabot,SV1000214017031,20:50:E7:03:06:3A,2021-12-30 08:37:16,false,7,0,0.00
2023-02-22,Soft-servis,bellabot,SV1000212910001,20:50:E7:23:3D:AA,2021-09-14 10:48:45,false,6,0,0.00
2023-02-22,Baltiya Hotel,kettybot,PNT102213716158,20:50:E7:02:12:A8,2022-02-03 06:43:09,false,0,0,0.00
2023-02-22,Ресторан ГрильХаус,bellabot,SV1000213954014,20:50:E7:23:71:74,2022-08-10 02:48:17,false,4,0,0.00
2023-02-22,Soft-Stend,bellabot,sv1114223233003,20:50:E7:39:7C:16,2022-10-05 07:15:36,false,29,0,0.00
2023-02-22,Soft-Stend,bellabot,SV111422323005,20:50:E7:40:1B:AA,2022-10-05 08:29:47,false,29,1,0.00
2023-02-22,Soft-Stend,bellabot,SV1114223233001,10:2C:6B:97:C7:FE,2022-10-05 08:05:24,false,11,0,0.00
2023-02-22,Компот,bellabot,sv1000214017022,20:50:E7:02:EB:56,2022-04-26 23:06:13,false,15,0,0.00
2023-02-22,Fun Jump,bellabot,SV1000214017015,20:50:E7:02:E4:50,2022-02-02 11:11:06,false,28,0,0.00
2023-02-21,Baltiya Hotel,kettybot,PNT102213716158,20:50:E7:02:12:A8,2022-02-03 06:43:09,false,0,0,0.00
2023-02-21,Soft-servis,kettybot,PNT102213716165,20:50:E7:02:36:E0,2023-01-17 14:08:17,false,0,0,0.00
2023-02-21,Firemakers,bellabot,SV1001205116386,D4:12:43:BF:63:8E,2021-11-22 09:15:51,false,30,0,0.00
2023-02-18,Fun Jump,bellabot,SV1000214017015,20:50:E7:02:E4:50,2022-02-02 11:11:06,false,11,0,0.00
2023-02-18,Soft-servis,bellabot,SV1000212910001,20:50:E7:23:3D:AA,2021-09-14 10:48:45,false,50,0,0.00
2023-02-18,Parmesan,bellabot,620019240060415,20:50:E7:02:24:2A,2022-01-21 06:58:37,false,9,0,0.00
2023-02-18,Soft-Stend,bellabot,sv1114223233003,20:50:E7:39:7C:16,2022-10-05 07:15:36,false,51,0,0.00
2023-02-18,Ресторан ГрильХаус,bellabot,SV1000213954014,20:50:E7:23:71:74,2022-08-10 02:48:17,false,3,0,0.00
2023-02-18,Компот,bellabot,sv1000214017022,20:50:E7:02:EB:56,2022-04-26 23:06:13,false,13,0,0.00
2023-02-18,Soft-Stend,bellabot,SV1114223233001,10:2C:6B:97:C7:FE,2022-10-05 08:05:24,false,2,0,0.00
2023-02-18,Firemakers,bellabot,SV1001205116386,D4:12:43:BF:63:8E,2021-11-22 09:15:51,false,45,0,0.00
2023-02-18,Jango Park,bellabot,SV1000214017031,20:50:E7:03:06:3A,2021-12-30 08:37:16,false,7,0,0.00
2023-02-17,Jango Park,bellabot,SV1000214017031,20:50:E7:03:06:3A,2021-12-30 08:37:16,false,6,0,0.00
2023-02-17,Baltiya Hotel,kettybot,PNT102213716158,20:50:E7:02:12:A8,2022-02-03 06:43:09,false,0,0,0.00
2023-02-17,Компот,bellabot,sv1000214017022,20:50:E7:02:EB:56,2022-04-26 23:06:13,false,2,0,0.00
2023-02-17,Ресторан ГрильХаус,bellabot,SV1000213954014,20:50:E7:23:71:74,2022-08-10 02:48:17,false,16,0,0.00
2023-02-17,Soft-Stend,bellabot,SV1114223233001,10:2C:6B:97:C7:FE,2022-10-05 08:05:24,false,1,0,0.00
2023-02-17,Firemakers,bellabot,SV1001205116386,D4:12:43:BF:63:8E,2021-11-22 09:15:51,false,50,0,0.00
2023-02-17,Parmesan,bellabot,620019240060415,20:50:E7:02:24:2A,2022-01-21 06:58:37,false,12,1,0.00
2023-02-17,Soft-Stend,bellabot,sv1114223233003,20:50:E7:39:7C:16,2022-10-05 07:15:36,false,25,0,0.00
2023-02-17,Parmesan,bellabot,Sv1000214017008,20:50:E7:23:83:6A,2022-01-17 06:49:56,false,6,0,0.00
2023-02-17,Fun Jump,bellabot,SV1000214017015,20:50:E7:02:E4:50,2022-02-02 11:11:06,false,15,1,0.00
2023-02-17,Soft-servis,bellabot,SV1000212910001,20:50:E7:23:3D:AA,2021-09-14 10:48:45,false,24,0,0.00
2023-02-16,Parmesan,bellabot,Sv1000214017008,20:50:E7:23:83:6A,2022-01-17 06:49:56,false,7,0,0.00
2023-02-16,Soft-Stend,bellabot,SV1114223233001,10:2C:6B:97:C7:FE,2022-10-05 08:05:24,false,1,0,0.00
2023-02-16,Parmesan,bellabot,620019240060415,20:50:E7:02:24:2A,2022-01-21 06:58:37,false,7,0,0.00
2023-02-16,Ресторан ГрильХаус,bellabot,SV1000213954014,20:50:E7:23:71:74,2022-08-10 02:48:17,false,16,0,0.00
2023-02-16,Ресторан ГрильХаус,bellabot,SV1000213954014,20:50:E7:23:71:74,2022-08-10 02:48:17,false,1,0,0.00
2023-02-16,Firemakers,bellabot,SV1001205116386,D4:12:43:BF:63:8E,2021-11-22 09:15:51,false,8,0,0.00
2023-02-16,Jango Park,bellabot,SV1000214017031,20:50:E7:03:06:3A,2021-12-30 08:37:16,false,8,0,0.00
2023-02-16,Soft-servis,bellabot,SV1000212910001,20:50:E7:23:3D:AA,2021-09-14 10:48:45,false,8,1,0.00
2023-02-16,Fun Jump,bellabot,SV1000214017015,20:50:E7:02:E4:50,2022-02-02 11:11:06,false,15,0,0.00
2023-02-16,Baltiya Hotel,kettybot,PNT102213716158,20:50:E7:02:12:A8,2022-02-03 06:43:09,false,0,0,0.00
2023-02-15,Ресторан ГрильХаус,bellabot,SV1000213954014,20:50:E7:23:71:74,2022-08-10 02:48:17,false,5,0,0.00
2023-02-15,Fun Jump,bellabot,SV1000214017015,20:50:E7:02:E4:50,2022-02-02 11:11:06,false,30,0,0.00
2023-02-15,Parmesan,bellabot,620019240060415,20:50:E7:02:24:2A,2022-01-21 06:58:37,false,12,1,0.00
2023-02-15,Soft-Stend,bellabot,SV1114223233001,10:2C:6B:97:C7:FE,2022-10-05 08:05:24,false,7,0,0.00
2023-02-15,Soft-servis,bellabot,SV1000212910001,20:50:E7:23:3D:AA,2021-09-14 10:48:45,false,15,0,0.00
2023-02-15,Baltiya Hotel,kettybot,PNT102213716158,20:50:E7:02:12:A8,2022-02-03 06:43:09,false,0,0,0.00
2023-02-15,Firemakers,bellabot,SV1001205116386,D4:12:43:BF:63:8E,2021-11-22 09:15:51,false,13,0,0.00
2023-02-15,Parmesan,bellabot,Sv1000214017008,20:50:E7:23:83:6A,2022-01-17 06:49:56,false,28,0,0.00
2023-02-15,Компот,bellabot,sv1000214017022,20:50:E7:02:EB:56,2022-04-26 23:06:13,false,10,0,0.00
2023-02-14,Ресторан ГрильХаус,bellabot,SV1000213954014,20:50:E7:23:71:74,2022-08-10 02:48:17,false,9,0,0.00
2023-02-14,Soft-Stend,bellabot,SV1114223233001,10:2C:6B:97:C7:FE,2022-10-05 08:05:24,false,3,0,0.00
2023-02-14,Parmesan,bellabot,620019240060415,20:50:E7:02:24:2A,2022-01-21 06:58:37,false,22,0,0.00
2023-02-14,Firemakers,bellabot,SV1001205116386,D4:12:43:BF:63:8E,2021-11-22 09:15:51,false,28,0,0.00
2023-02-14,Soft-servis,bellabot,SV1000212910001,20:50:E7:23:3D:AA,2021-09-14 10:48:45,false,16,0,0.00
2023-02-14,Parmesan,bellabot,Sv1000214017008,20:50:E7:23:83:6A,2022-01-17 06:49:56,false,18,0,0.00
2023-02-14,Baltiya Hotel,kettybot,PNT102213716158,20:50:E7:02:12:A8,2022-02-03 06:43:09,false,0,0,0.00
2023-02-14,Fun Jump,bellabot,SV1000214017015,20:50:E7:02:E4:50,2022-02-02 11:11:06,false,2,0,0.00
2023-02-14,Компот,bellabot,sv1000214017022,20:50:E7:02:EB:56,2022-04-26 23:06:13,false,17,0,0.00
2023-02-14,Jango Park,bellabot,SV1000214017031,20:50:E7:03:06:3A,2021-12-30 08:37:16,false,3,0,0.00
2023-02-13,Jango Park,bellabot,SV1000214017031,20:50:E7:03:06:3A,2021-12-30 08:37:16,false,1,0,0.00
2023-02-13,Parmesan,bellabot,620019240060415,20:50:E7:02:24:2A,2022-01-21 06:58:37,false,28,1,0.00
2023-02-13,Parmesan,bellabot,Sv1000214017008,20:50:E7:23:83:6A,2022-01-17 06:49:56,false,4,0,0.00
2023-02-13,Soft-Stend,bellabot,SV1114223233001,10:2C:6B:97:C7:FE,2022-10-05 08:05:24,false,1,0,0.00
2023-02-13,Fun Jump,bellabot,SV1000214017015,20:50:E7:02:E4:50,2022-02-02 11:11:06,false,14,1,0.00
2023-02-13,Ресторан ГрильХаус,bellabot,SV1000213954014,20:50:E7:23:71:74,2022-08-10 02:48:17,false,9,0,0.00
2023-02-13,Baltiya Hotel,kettybot,PNT102213716158,20:50:E7:02:12:A8,2022-02-03 06:43:09,false,0,0,0.00
2023-02-13,Firemakers,bellabot,SV1001205116386,D4:12:43:BF:63:8E,2021-11-22 09:15:51,false,32,0,0.00
2023-02-13,Soft-servis,bellabot,SV1000212910001,20:50:E7:23:3D:AA,2021-09-14 10:48:45,false,8,0,0.00
2023-02-12,Компот,bellabot,sv1000214017022,20:50:E7:02:EB:56,2022-04-26 23:06:13,false,42,0,0.00
2023-02-12,Fun Jump,bellabot,SV1000214017015,20:50:E7:02:E4:50,2022-02-02 11:11:06,false,81,0,0.00
2023-02-12,Soft-Stend,bellabot,SV1114223233001,10:2C:6B:97:C7:FE,2022-10-05 08:05:24,false,16,0,0.00
2023-02-12,Soft-servis,bellabot,SV1000212910001,20:50:E7:23:3D:AA,2021-09-14 10:48:45,false,20,0,0.00
2023-02-12,Parmesan,bellabot,Sv1000214017008,20:50:E7:23:83:6A,2022-01-17 06:49:56,false,50,0,0.00
2023-02-12,Firemakers,bellabot,SV1001205116386,D4:12:43:BF:63:8E,2021-11-22 09:15:51,false,52,0,0.00
2023-02-12,Baltiya Hotel,kettybot,PNT102213716158,20:50:E7:02:12:A8,2022-02-03 06:43:09,false,0,0,0.00
2023-02-12,Parmesan,bellabot,620019240060415,20:50:E7:02:24:2A,2022-01-21 06:58:37,false,48,0,0.00
2023-02-11,Fun Jump,bellabot,SV1000214017015,20:50:E7:02:E4:50,2022-02-02 11:11:06,false,78,0,0.00
2023-02-11,Firemakers,bellabot,SV1001205116386,D4:12:43:BF:63:8E,2021-11-22 09:15:51,false,58,0,0.00
2023-02-11,Parmesan,bellabot,620019240060415,20:50:E7:02:24:2A,2022-01-21 06:58:37,false,12,1,0.00
2023-02-11,Компот,bellabot,sv1000214017022,20:50:E7:02:EB:56,2022-04-26 23:06:13,false,20,1,0.00
2023-02-11,Parmesan,kettybot,PNT102213716164,20:50:E7:23:69:5C,2022-07-07 10:21:33,false,0,0,0.00
2023-02-11,Soft-servis,bellabot,SV1000212910001,20:50:E7:23:3D:AA,2021-09-14 10:48:45,false,14,1,0.00
2023-02-11,Parmesan,bellabot,Sv1000214017008,20:50:E7:23:83:6A,2022-01-17 06:49:56,false,82,0,0.00
2023-02-11,Ресторан ГрильХаус,bellabot,SV1000213954014,20:50:E7:23:71:74,2022-08-10 02:48:17,false,12,0,0.00
2023-02-11,Baltiya Hotel,kettybot,PNT102213716158,20:50:E7:02:12:A8,2022-02-03 06:43:09,false,0,0,0.00
2023-02-11,Soft-Stend,bellabot,SV1114223233001,10:2C:6B:97:C7:FE,2022-10-05 08:05:24,false,10,0,0.00
2023-02-10,Baltiya Hotel,kettybot,PNT102213716158,20:50:E7:02:12:A8,2022-02-03 06:43:09,false,0,0,0.00
2023-02-10,Firemakers,bellabot,SV1001205116386,D4:12:43:BF:63:8E,2021-11-22 09:15:51,false,17,1,0.00
2023-02-10,Soft-servis,bellabot,SV1000212910001,20:50:E7:23:3D:AA,2021-09-14 10:48:45,false,1,0,0.00
2023-02-10,Компот,bellabot,sv1000214017022,20:50:E7:02:EB:56,2022-04-26 23:06:13,false,13,0,0.00
2023-02-10,Parmesan,bellabot,Sv1000214017008,20:50:E7:23:83:6A,2022-01-17 06:49:56,false,18,0,0.00
2023-02-10,Parmesan,bellabot,620019240060415,20:50:E7:02:24:2A,2022-01-21 06:58:37,false,24,3,0.00
2023-02-10,Soft-Stend,bellabot,SV1114223233001,10:2C:6B:97:C7:FE,2022-10-05 08:05:24,false,11,0,0.00
2023-02-10,Fun Jump,bellabot,SV1000214017015,20:50:E7:02:E4:50,2022-02-02 11:11:06,false,94,0,0.00
2023-02-10,Ресторан ГрильХаус,bellabot,SV1000213954014,20:50:E7:23:71:74,2022-08-10 02:48:17,false,2,0,0.00
2023-02-09,Ресторан ГрильХаус,bellabot,SV1000213954014,20:50:E7:23:71:74,2022-08-10 02:48:17,false,1,0,0.00
2023-02-09,Firemakers,bellabot,SV1001205116386,D4:12:43:BF:63:8E,2021-11-22 09:15:51,false,65,0,0.00
2023-02-09,Parmesan,bellabot,620019240060415,20:50:E7:02:24:2A,2022-01-21 06:58:37,false,20,0,0.00
2023-02-09,Parmesan,bellabot,Sv1000214017008,20:50:E7:23:83:6A,2022-01-17 06:49:56,false,9,0,0.00
2023-02-09,Gastreet_panorama,bellabot,SV1000211931009,D4:12:43:B0:F9:56,2021-05-31 16:00:00,false,1,1,0.00
2023-02-09,Soft-Stend,bellabot,SV1114223233001,10:2C:6B:97:C7:FE,2022-10-05 08:05:24,false,22,0,0.00
2023-02-09,Компот,bellabot,sv1000214017022,20:50:E7:02:EB:56,2022-04-26 23:06:13,false,5,0,0.00
2023-02-09,Baltiya Hotel,kettybot,PNT102213716158,20:50:E7:02:12:A8,2022-02-03 06:43:09,false,0,0,0.00
2023-02-09,Soft-servis,bellabot,SV1000212910001,20:50:E7:23:3D:AA,2021-09-14 10:48:45,false,1,0,0.00
2023-02-09,Fun Jump,bellabot,SV1000214017015,20:50:E7:02:E4:50,2022-02-02 11:11:06,false,12,0,0.00
2023-02-08,Ресторан ГрильХаус,bellabot,SV1000213954014,20:50:E7:23:71:74,2022-08-10 02:48:17,false,7,0,0.00
2023-02-08,Fun Jump,bellabot,SV1000214017015,20:50:E7:02:E4:50,2022-02-02 11:11:06,false,13,0,0.00
2023-02-08,Parmesan,bellabot,Sv1000214017008,20:50:E7:23:83:6A,2022-01-17 06:49:56,false,15,0,0.00
2023-02-08,Baltiya Hotel,kettybot,PNT102213716158,20:50:E7:02:12:A8,2022-02-03 06:43:09,false,0,0,0.00
2023-02-08,Soft-Stend,bellabot,SV1114223233001,10:2C:6B:97:C7:FE,2022-10-05 08:05:24,false,3,0,0.00
2023-02-08,Soft-Stend,kettybot,PNT102213716171,20:50:E7:02:36:F8,2022-10-05 08:59:29,false,0,0,0.00
2023-02-08,Soft-servis,bellabot,SV1000212910001,20:50:E7:23:3D:AA,2021-09-14 10:48:45,false,10,0,0.00
2023-02-08,Firemakers,bellabot,SV1001205116386,D4:12:43:BF:63:8E,2021-11-22 09:15:51,false,49,0,0.00
2023-02-08,Parmesan,bellabot,620019240060415,20:50:E7:02:24:2A,2022-01-21 06:58:37,false,27,4,0.00
2023-02-07,Soft-Stend,bellabot,SV1114223233001,10:2C:6B:97:C7:FE,2022-10-05 08:05:24,false,45,0,0.00
2023-02-07,Baltiya Hotel,kettybot,PNT102213716158,20:50:E7:02:12:A8,2022-02-03 06:43:09,false,0,0,0.00
2023-02-07,Ресторан ГрильХаус,bellabot,SV1000213954014,20:50:E7:23:71:74,2022-08-10 02:48:17,false,2,0,0.00
2023-02-07,Компот,bellabot,sv1000214017022,20:50:E7:02:EB:56,2022-04-26 23:06:13,false,5,0,0.00
2023-02-07,Parmesan,bellabot,620019240060415,20:50:E7:02:24:2A,2022-01-21 06:58:37,false,14,0,0.00
2023-02-07,Parmesan,bellabot,Sv1000214017008,20:50:E7:23:83:6A,2022-01-17 06:49:56,false,25,0,0.00
2023-02-07,Firemakers,bellabot,SV1001205116386,D4:12:43:BF:63:8E,2021-11-22 09:15:51,false,22,0,0.00
2023-02-06,Firemakers,bellabot,SV1001205116386,D4:12:43:BF:63:8E,2021-11-22 09:15:51,false,40,0,0.00
2023-02-06,Fun Jump,bellabot,SV1000214017015,20:50:E7:02:E4:50,2022-02-02 11:11:06,false,22,0,0.00
2023-02-06,Parmesan,bellabot,Sv1000214017008,20:50:E7:23:83:6A,2022-01-17 06:49:56,false,22,0,0.00
2023-02-06,Компот,bellabot,sv1000214017022,20:50:E7:02:EB:56,2022-04-26 23:06:13,false,6,0,0.00
2023-02-06,Baltiya Hotel,kettybot,PNT102213716158,20:50:E7:02:12:A8,2022-02-03 06:43:09,false,0,0,0.00
2023-02-06,Soft-servis,bellabot,SV1000212910001,20:50:E7:23:3D:AA,2021-09-14 10:48:45,false,35,0,0.00
2023-02-06,Агрокомплекс,kettybot,PNT102213716166,20:50:E7:02:24:CE,2022-10-16 11:06:33,false,0,0,0.00
2023-02-06,Ресторан ГрильХаус,bellabot,SV1000213954014,20:50:E7:23:71:74,2022-08-10 02:48:17,false,10,0,0.00
2023-02-06,Parmesan,kettybot,PNT102213716164,20:50:E7:23:69:5C,2022-07-07 10:21:33,false,0,0,0.00
2023-02-06,Parmesan,bellabot,620019240060415,20:50:E7:02:24:2A,2022-01-21 06:58:37,false,35,0,0.00
2023-02-06,Soft-Stend,bellabot,SV1114223233001,10:2C:6B:97:C7:FE,2022-10-05 08:05:24,false,1,0,0.00
2023-02-05,Baltiya Hotel,kettybot,PNT102213716158,20:50:E7:02:12:A8,2022-02-03 06:43:09,false,0,0,0.00
2023-02-05,Компот,bellabot,sv1000214017022,20:50:E7:02:EB:56,2022-04-26 23:06:13,false,18,0,0.00
2023-02-05,Firemakers,bellabot,SV1001205116386,D4:12:43:BF:63:8E,2021-11-22 09:15:51,false,78,0,0.00
2023-02-05,Fun Jump,bellabot,SV1000214017015,20:50:E7:02:E4:50,2022-02-02 11:11:06,false,117,0,0.00
2023-02-05,Parmesan,bellabot,620019240060415,20:50:E7:02:24:2A,2022-01-21 06:58:37,false,40,2,0.00
2023-02-05,Soft-servis,bellabot,SV1000212910001,20:50:E7:23:3D:AA,2021-09-14 10:48:45,false,20,0,0.00
2023-02-05,Parmesan,bellabot,Sv1000214017008,20:50:E7:23:83:6A,2022-01-17 06:49:56,false,23,0,0.00
2023-02-05,Ресторан ГрильХаус,bellabot,SV1000213954014,20:50:E7:23:71:74,2022-08-10 02:48:17,false,1,0,0.00
2023-02-05,Soft-Stend,bellabot,SV1114223233001,10:2C:6B:97:C7:FE,2022-10-05 08:05:24,false,28,0,0.00
2023-02-04,Firemakers,bellabot,SV1001205116386,D4:12:43:BF:63:8E,2021-11-22 09:15:51,false,34,0,0.00
2023-02-04,Parmesan,bellabot,620019240060415,20:50:E7:02:24:2A,2022-01-21 06:58:37,false,41,0,0.00
2023-02-04,Компот,bellabot,sv1000214017022,20:50:E7:02:EB:56,2022-04-26 23:06:13,false,6,0,0.00
2023-02-04,Parmesan,bellabot,Sv1000214017008,20:50:E7:23:83:6A,2022-01-17 06:49:56,false,8,0,0.00
2023-02-04,Soft-servis,bellabot,SV1000212910001,20:50:E7:23:3D:AA,2021-09-14 10:48:45,false,14,0,0.00
2023-02-04,Soft-Stend,bellabot,SV1114223233001,10:2C:6B:97:C7:FE,2022-10-05 08:05:24,false,17,0,0.00
2023-02-04,Gastreet_panorama,bellabot,SV1000211931009,D4:12:43:B0:F9:56,2021-05-31 16:00:00,false,2,0,0.00
2023-02-04,Ресторан ГрильХаус,bellabot,SV1000213954014,20:50:E7:23:71:74,2022-08-10 02:48:17,false,55,0,0.00
2023-02-04,Baltiya Hotel,kettybot,PNT102213716158,20:50:E7:02:12:A8,2022-02-03 06:43:09,false,0,0,0.00
2023-02-04,Fun Jump,bellabot,SV1000214017015,20:50:E7:02:E4:50,2022-02-02 11:11:06,false,279,1,0.00
2023-02-03,Firemakers,bellabot,SV1001205116386,D4:12:43:BF:63:8E,2021-11-22 09:15:51,false,27,0,0.00
2023-02-03,Компот,bellabot,sv1000214017022,20:50:E7:02:EB:56,2022-04-26 23:06:13,false,2,0,0.00
2023-02-03,Fun Jump,bellabot,SV1000214017015,20:50:E7:02:E4:50,2022-02-02 11:11:06,false,23,0,0.00
2023-02-03,Ресторан ГрильХаус,bellabot,SV1000213954014,20:50:E7:23:71:74,2022-08-10 02:48:17,false,27,0,0.00
2023-02-03,Parmesan,bellabot,620019240060415,20:50:E7:02:24:2A,2022-01-21 06:58:37,false,40,0,0.00
2023-02-03,Baltiya Hotel,kettybot,PNT102213716158,20:50:E7:02:12:A8,2022-02-03 06:43:09,false,0,0,0.00
2023-02-03,Soft-servis,bellabot,SV1000212910001,20:50:E7:23:3D:AA,2021-09-14 10:48:45,false,24,0,0.00
2023-02-03,Parmesan,bellabot,Sv1000214017008,20:50:E7:23:83:6A,2022-01-17 06:49:56,false,26,0,0.00
2023-02-03,Soft-Stend,bellabot,SV1114223233001,10:2C:6B:97:C7:FE,2022-10-05 08:05:24,false,1,0,0.00
2023-02-02,Parmesan,bellabot,Sv1000214017008,20:50:E7:23:83:6A,2022-01-17 06:49:56,false,7,0,0.00
2023-02-02,Firemakers,bellabot,SV1001205116386,D4:12:43:BF:63:8E,2021-11-22 09:15:51,false,9,0,0.00
2023-02-02,Gastreet_panorama,bellabot,SV1000211931009,D4:12:43:B0:F9:56,2021-05-31 16:00:00,false,1,0,0.00
2023-02-02,Soft-Stend,bellabot,SV1114223233001,10:2C:6B:97:C7:FE,2022-10-05 08:05:24,false,11,0,0.00
2023-02-02,Baltiya Hotel,kettybot,PNT102213716158,20:50:E7:02:12:A8,2022-02-03 06:43:09,false,0,0,0.00
2023-02-02,Fun Jump,bellabot,SV1000214017015,20:50:E7:02:E4:50,2022-02-02 11:11:06,false,21,0,0.00
2023-02-02,Soft-servis,bellabot,SV1000212910001,20:50:E7:23:3D:AA,2021-09-14 10:48:45,false,6,0,0.00
2023-02-02,Parmesan,bellabot,620019240060415,20:50:E7:02:24:2A,2022-01-21 06:58:37,false,24,0,0.00
2023-02-01,Firemakers,bellabot,SV1001205116386,D4:12:43:BF:63:8E,2021-11-22 09:15:51,false,48,0,0.00
2023-02-01,Soft-Stend,bellabot,SV1114223233001,10:2C:6B:97:C7:FE,2022-10-05 08:05:24,false,16,0,0.00
2023-02-01,Компот,bellabot,sv1000214017022,20:50:E7:02:EB:56,2022-04-26 23:06:13,false,9,0,0.00
2023-02-01,Gastreet_panorama,bellabot,SV1000211931009,D4:12:43:B0:F9:56,2021-05-31 16:00:00,false,1,0,0.00
2023-02-01,Soft-servis,bellabot,SV1000212910001,20:50:E7:23:3D:AA,2021-09-14 10:48:45,false,5,0,0.00
2023-02-01,Baltiya Hotel,kettybot,PNT102213716158,20:50:E7:02:12:A8,2022-02-03 06:43:09,false,0,0,0.00
2023-02-01,Parmesan,bellabot,620019240060415,20:50:E7:02:24:2A,2022-01-21 06:58:37,false,10,1,0.00
